Precursor Charge	Peptide Sequence	Modified Sequence Unimod Ids	Replicate Name	File Name	Modified Sequence	Modified Sequence Full Names	Predicted Retention Time	Best Retention Time	Min Start Time	Max End Time	Total Area	Precursor Mz	Peptide Sequence Length	Isotope Label Type	Collision Energy	Transition Count	Is Decoy	Peptide Modified Sequence Monoisotopic Masses	Peptide Modified Sequence Unimod Ids	IRT	Number of isomers	Spectral_library	Use_Charge	Num_Peaks	Notes	Identified_Run_013	Ambiguous_Run_013
2	ADVTPADFSEWSK	ADVTPADFSEWSK	chludwig_K150309_013_SW_0	chludwig_K150309_013_SW_0.wiff	ADVTPADFSEWSK	ADVTPADFSEWSK	62.56	59.8	59.43	60.34	1457235	726.835713	13	light	27	3	FALSE	ADVTPADFSEWSK	ADVTPADFSEWSK	1	1		1	1		1	0
2	AGLDNVDAESK	AGLDNVDAES(unimod:21)K(unimod:259)	chludwig_K150309_013_SW_0	chludwig_K150309_013_SW_0.wiff	AGLDNVDAES[+80]K[+8]	AGLDNVDAES[Phospho (ST)]K[Label:13C(6)15N(2) (K)]	23.81	23.33	23.27	23.94	9159	603.760107	11	heavy	22.7	7	FALSE	AGLDNVDAES[+79.9663]K	AGLDNVDAES(unimod:21)K	0	1		1	2		1	0
2	AIIVLSTSGTTPR	AIIVLSTSGTT(unimod:21)PR(unimod:267)	chludwig_K150309_013_SW_0	chludwig_K150309_013_SW_0.wiff	AIIVLSTSGTT[+80]PR[+10]	AIIVLSTSGTT[Phospho (ST)]PR[Label:13C(6)15N(4) (R)]	50.71	55.57	55.21	55.88	782488	703.369934	13	heavy	26	8	FALSE	AIIVLSTSGTT[+79.9663]PR	AIIVLSTSGTT(unimod:21)PR	0	1		1	3		1	0
2	AIPAPHEILTSNVVTR	AIPAPHEILT(unimod:21)SNVVTR(unimod:267)	chludwig_K150309_013_SW_0	chludwig_K150309_013_SW_0.wiff	AIPAPHEILT[+80]SNVVTR[+10]	AIPAPHEILT[Phospho (ST)]SNVVTR[Label:13C(6)15N(4) (R)]	62.22	59.43	59.01	59.74	549822	904.47071	16	heavy	32.9	8	FALSE	AIPAPHEILT[+79.9663]SNVVTR	AIPAPHEILT(unimod:21)SNVVTR	0	1		1	1		1	0
2	AKNSPEPNEFLR	AKNS(unimod:21)PEPNEFLR(unimod:267)	chludwig_K150309_013_SW_0	chludwig_K150309_013_SW_0.wiff	AKNS[+80]PEPNEFLR[+10]	AKNS[Phospho (ST)]PEPNEFLR[Label:13C(6)15N(4) (R)]	43.08	38.11	37.81	38.84	5577605	746.34699	12	heavy	27.5	7	FALSE	AKNS[+79.9663]PEPNEFLR	AKNS(unimod:21)PEPNEFLR	0	1		1	1		1	0
2	ANSSPTTNIDHLK	ANS(unimod:21)SPTTNIDHLK(unimod:259)	chludwig_K150309_013_SW_0	chludwig_K150309_013_SW_0.wiff	ANS[+80]SPTTNIDHLK[+8]	ANS[Phospho (ST)]SPTTNIDHLK[Label:13C(6)15N(2) (K)]	31.43	30.6	30.36	30.84	272212	743.34487	13	heavy	27.4	12	FALSE	ANS[+79.9663]SPTTNIDHLK	ANS(unimod:21)SPTTNIDHLK	0	2		1	3		1	0
2	ANSSPTTNIDHLK	ANSS(unimod:21)PTTNIDHLK(unimod:259)	chludwig_K150309_013_SW_0	chludwig_K150309_013_SW_0.wiff	ANSS[+80]PTTNIDHLK[+8]	ANSS[Phospho (ST)]PTTNIDHLK[Label:13C(6)15N(2) (K)]	29.58	29.51	29.15	29.82	518507	743.34487	13	heavy	27.4	13	FALSE	ANSS[+79.9663]PTTNIDHLK	ANSS(unimod:21)PTTNIDHLK	0	2		1	3		1	0
2	APTASQLQNPPPPPSTTK	APTAS(unimod:21)QLQNPPPPPSTTK(unimod:259)	chludwig_K150309_013_SW_0	chludwig_K150309_013_SW_0.wiff	APTAS[+80]QLQNPPPPPSTTK[+8]	APTAS[Phospho (ST)]QLQNPPPPPSTTK[Label:13C(6)15N(2) (K)]	36.66	37.63	36.54	38.24	5471513	960.47133	18	heavy	34.8	13	FALSE	APTAS[+79.9663]QLQNPPPPPSTTK	APTAS(unimod:21)QLQNPPPPPSTTK	0	1		1	1		1	0
2	AQNDSEEEQVK	AQNDS(unimod:21)EEEQVK(unimod:259)	chludwig_K150309_013_SW_0	chludwig_K150309_013_SW_0.wiff	AQNDS[+80]EEEQVK[+8]	AQNDS[Phospho (ST)]EEEQVK[Label:13C(6)15N(2) (K)]	2.75	4.37	3.46	4.85	11167420	682.776485	11	heavy	25.4	13	FALSE	AQNDS[+79.9663]EEEQVK	AQNDS(unimod:21)EEEQVK	0	1		1	1		1	0
2	ARGVSNASVGSSASFGAR	ARGVS(unimod:21)NASVGSSASFGAR(unimod:267)	chludwig_K150309_013_SW_0	chludwig_K150309_013_SW_0.wiff	ARGVS[+80]NASVGSSASFGAR[+10]	ARGVS[Phospho (ST)]NASVGSSASFGAR[Label:13C(6)15N(4) (R)]	32.54	32.06	31.75	32.48	2186872	885.911548	18	heavy	32.2	9	FALSE	ARGVS[+79.9663]NASVGSSASFGAR	ARGVS(unimod:21)NASVGSSASFGAR	0	1		1	1		1	0
2	ASSDASDLLR	ASS(unimod:21)DASDLLR(unimod:267)	chludwig_K150309_013_SW_0	chludwig_K150309_013_SW_0.wiff	ASS[+80]DASDLLR[+10]	ASS[Phospho (ST)]DASDLLR[Label:13C(6)15N(4) (R)]	42.27	40.66	40.29	40.84	29368	562.746577	10	heavy	21.3	7	FALSE	ASS[+79.9663]DASDLLR	ASS(unimod:21)DASDLLR	0	1		1	1		0	1
2	ASVSSPSISTTSR	ASVSSPS(unimod:21)ISTTSR(unimod:267)	chludwig_K150309_013_SW_0	chludwig_K150309_013_SW_0.wiff	ASVSSPS[+80]ISTTSR[+10]	ASVSSPS[Phospho (ST)]ISTTSR[Label:13C(6)15N(4) (R)]	23.26	27.64	27.27	27.94	6574372	685.315356	13	heavy	25.4	17	FALSE	ASVSSPS[+79.9663]ISTTSR	ASVSSPS(unimod:21)ISTTSR	0	1		1	2		1	0
2	ATSAKQEL	ATS(unimod:21)AK(unimod:259)QEL	chludwig_K150309_013_SW_0	chludwig_K150309_013_SW_0.wiff	ATS[+80]AK[+8]QEL	ATS[Phospho (ST)]AK[Label:13C(6)15N(2) (K)]QEL	12.68	12.68	12.19	13.1	29073416	468.219889	8	heavy	18.1	15	FALSE	ATS[+79.9663]AKQEL	ATS(unimod:21)AKQEL	0	1		1	2		1	0
2	ATSPLLESDSIEK	ATS(unimod:21)PLLESDSIEK(unimod:259)	chludwig_K150309_013_SW_0	chludwig_K150309_013_SW_0.wiff	ATS[+80]PLLESDSIEK[+8]	ATS[Phospho (ST)]PLLESDSIEK[Label:13C(6)15N(2) (K)]	45.68	45.02	44.66	45.38	1267551	739.349286	13	heavy	27.3	11	FALSE	ATS[+79.9663]PLLESDSIEK	ATS(unimod:21)PLLESDSIEK	0	1		1	2		1	0
2	DASASSTSTFDAR	DASASS(unimod:21)TSTFDAR(unimod:267)	chludwig_K150309_013_SW_0	chludwig_K150309_013_SW_0.wiff	DASASS[+80]TSTFDAR[+10]	DASASS[Phospho (ST)]TSTFDAR[Label:13C(6)15N(4) (R)]	23.74	23.64	23.33	23.94	884905	703.27897	13	heavy	26	13	FALSE	DASASS[+79.9663]TSTFDAR	DASASS(unimod:21)TSTFDAR	0	1		1	2		1	0
2	DGLDAASYYAPVR	DGLDAASYYAPVR	chludwig_K150309_013_SW_0	chludwig_K150309_013_SW_0.wiff	DGLDAASYYAPVR	DGLDAASYYAPVR	54.98	53.73	53.43	54.04	3051827	699.338423	13	light	26.1	4	FALSE	DGLDAASYYAPVR	DGLDAASYYAPVR	1	1		1	1		1	0
2	DSSLLFSPAAVAMR	DSSLLFS(unimod:21)PAAVAMR(unimod:267)	chludwig_K150309_013_SW_0	chludwig_K150309_013_SW_0.wiff	DSSLLFS[+80]PAAVAMR[+10]	DSSLLFS[Phospho (ST)]PAAVAMR[Label:13C(6)15N(4) (R)]	83.99	82.7	81.85	83.37	329113	777.866701	14	heavy	28.6	9	FALSE	DSSLLFS[+79.9663]PAAVAMR	DSSLLFS(unimod:21)PAAVAMR	0	1		1	1		1	0
2	DYIMSPVGNPEGPEKPNKK	DYIMS(unimod:21)PVGNPEGPEKPNKK(unimod:259)	chludwig_K150309_013_SW_0	chludwig_K150309_013_SW_0.wiff	DYIMS[+80]PVGNPEGPEKPNKK[+8]	DYIMS[Phospho (ST)]PVGNPEGPEKPNKK[Label:13C(6)15N(2) (K)]	42.3	40.05	39.75	40.54	91859	1094.515411	19	heavy	39.3	6	FALSE	DYIMS[+79.9663]PVGNPEGPEKPNKK	DYIMS(unimod:21)PVGNPEGPEKPNKK	0	1		1	4		1	0
2	EADIDDLSSHSQNLR	EADIDDLS(unimod:21)SHSQNLR(unimod:267)	chludwig_K150309_013_SW_0	chludwig_K150309_013_SW_0.wiff	EADIDDLS[+80]SHSQNLR[+10]	EADIDDLS[Phospho (ST)]SHSQNLR[Label:13C(6)15N(4) (R)]	37.34	36.05	35.69	36.6	524653	895.385029	15	heavy	32.5	10	FALSE	EADIDDLS[+79.9663]SHSQNLR	EADIDDLS(unimod:21)SHSQNLR	0	3		1	2		1	0
2	EADIDDLSSHSQNLR	EADIDDLSS(unimod:21)HSQNLR(unimod:267)	chludwig_K150309_013_SW_0	chludwig_K150309_013_SW_0.wiff	EADIDDLSS[+80]HSQNLR[+10]	EADIDDLSS[Phospho (ST)]HSQNLR[Label:13C(6)15N(4) (R)]	42.89	36.9	36.6	37.2	281371	895.385029	15	heavy	32.5	10	FALSE	EADIDDLSS[+79.9663]HSQNLR	EADIDDLSS(unimod:21)HSQNLR	0	3		1	3		1	0
2	EHSGDVTDSSFKR	EHS(unimod:21)GDVTDSSFKR(unimod:267)	chludwig_K150309_013_SW_0	chludwig_K150309_013_SW_0.wiff	EHS[+80]GDVTDSSFKR[+10]	EHS[Phospho (ST)]GDVTDSSFKR[Label:13C(6)15N(4) (R)]	16.35	16.12	15.94	16.61	325841	777.826619	13	heavy	28.6	8	FALSE	EHS[+79.9663]GDVTDSSFKR	EHS(unimod:21)GDVTDSSFKR	0	1		1	1		1	0
2	EKPIDSVVDEYLSASIQK	EKPIDS(unimod:21)VVDEYLSASIQK(unimod:259)	chludwig_K150309_013_SW_0	chludwig_K150309_013_SW_0.wiff	EKPIDS[+80]VVDEYLSASIQK[+8]	EKPIDS[Phospho (ST)]VVDEYLSASIQK[Label:13C(6)15N(2) (K)]	89.31	97.67	97.43	98.09	19686	1055.015767	18	heavy	38	8	FALSE	EKPIDS[+79.9663]VVDEYLSASIQK	EKPIDS(unimod:21)VVDEYLSASIQK	0	2		1	2		0	1
2	ETLVGFMTEYVATR	ETLVGFMT(unimod:21)EY(unimod:21)VATR(unimod:267)	chludwig_K150309_013_SW_0	chludwig_K150309_013_SW_0.wiff	ETLVGFMT[+80]EY[+80]VATR[+10]	ETLVGFMT[Phospho (ST)]EY[Phospho (Y)]VATR[Label:13C(6)15N(4) (R)]	80.42	64.77	64.4	65.01	80991	893.873539	14	heavy	32.5	13	FALSE	ETLVGFMT[+79.9663]EY[+79.9663]VATR	ETLVGFMT(unimod:21)EY(unimod:21)VATR	0	1		1	3		0	1
2	ETLVGFMTEYVATR	ETLVGFMT(unimod:21)EYVATR(unimod:267)	chludwig_K150309_013_SW_0	chludwig_K150309_013_SW_0.wiff	ETLVGFMT[+80]EYVATR[+10]	ETLVGFMT[Phospho (ST)]EYVATR[Label:13C(6)15N(4) (R)]	93.34	92.33	91.79	92.64	16119	853.890373	14	heavy	31.1	10	FALSE	ETLVGFMT[+79.9663]EYVATR	ETLVGFMT(unimod:21)EYVATR	0	2		1	2		0	1
2	FAIPAINVTSSSTAVAALEAAR	FAIPAINVTSS(unimod:21)STAVAALEAAR(unimod:267)	chludwig_K150309_013_SW_0	chludwig_K150309_013_SW_0.wiff	FAIPAINVTSS[+80]STAVAALEAAR[+10]	FAIPAINVTSS[Phospho (ST)]STAVAALEAAR[Label:13C(6)15N(4) (R)]	97.1	101.29	101.11	101.59	14430	1125.573893	22	heavy	40.3	12	FALSE	FAIPAINVTSS[+79.9663]STAVAALEAAR	FAIPAINVTSS(unimod:21)STAVAALEAAR	0	1		1	1		1	0
2	FEENVSVDDTTATPK	FEENVS(unimod:21)VDDTTATPK(unimod:259)	chludwig_K150309_013_SW_0	chludwig_K150309_013_SW_0.wiff	FEENVS[+80]VDDTTATPK[+8]	FEENVS[Phospho (ST)]VDDTTATPK[Label:13C(6)15N(2) (K)]	41.59	40.36	40.05	40.78	569838	870.876397	15	heavy	31.7	12	FALSE	FEENVS[+79.9663]VDDTTATPK	FEENVS(unimod:21)VDDTTATPK	0	1		1			1	0
2	FGEGASGEER	FGEGAS(unimod:21)GEER(unimod:267)	chludwig_K150309_013_SW_0	chludwig_K150309_013_SW_0.wiff	FGEGAS[+80]GEER[+10]	FGEGAS[Phospho (ST)]GEER[Label:13C(6)15N(4) (R)]	15.21	14.61	14.37	14.97	992950	564.715277	10	heavy	21.3	12	FALSE	FGEGAS[+79.9663]GEER	FGEGAS(unimod:21)GEER	0	1		1	2		1	0
2	FGNNSSRGHDFR	FGNNS(unimod:21)SRGHDFR(unimod:267)	chludwig_K150309_013_SW_0	chludwig_K150309_013_SW_0.wiff	FGNNS[+80]SRGHDFR[+10]	FGNNS[Phospho (ST)]SRGHDFR[Label:13C(6)15N(4) (R)]	13.95	13.77	13.65	14.14	299482	742.30873	12	heavy	27.4	10	FALSE	FGNNS[+79.9663]SRGHDFR	FGNNS(unimod:21)SRGHDFR	0	1		1	1		1	0
2	FLNSPDLPERTK	FLNS(unimod:21)PDLPERTK(unimod:259)	chludwig_K150309_013_SW_0	chludwig_K150309_013_SW_0.wiff	FLNS[+80]PDLPERTK[+8]	FLNS[Phospho (ST)]PDLPERTK[Label:13C(6)15N(2) (K)]	50.06	42.39	42.09	42.64	1016589	752.867981	12	heavy	27.7	12	FALSE	FLNS[+79.9663]PDLPERTK	FLNS(unimod:21)PDLPERTK	0	1		0			1	0
2	GAGSSEPVTGLDAK	GAGSSEPVTGLDAK	chludwig_K150309_013_SW_0	chludwig_K150309_013_SW_0.wiff	GAGSSEPVTGLDAK	GAGSSEPVTGLDAK	27.04	27	26.7	27.37	2279950	644.822606	14	light	24.2	3	FALSE	GAGSSEPVTGLDAK	GAGSSEPVTGLDAK	1	1		1	1		1	0
2	GHDFRNTSVR	GHDFRNT(unimod:21)SVR(unimod:267)	chludwig_K150309_013_SW_0	chludwig_K150309_013_SW_0.wiff	GHDFRNT[+80]SVR[+10]	GHDFRNT[Phospho (ST)]SVR[Label:13C(6)15N(4) (R)]	5.71	6.8	5.89	7.4	494510	639.78436	10	heavy	23.9	8	FALSE	GHDFRNT[+79.9663]SVR	GHDFRNT(unimod:21)SVR	0	2		1	2		1	1
2	GIRPSPLENSLHR	GIRPS(unimod:21)PLENSLHR(unimod:267)	chludwig_K150309_013_SW_0	chludwig_K150309_013_SW_0.wiff	GIRPS[+80]PLENSLHR[+10]	GIRPS[Phospho (ST)]PLENSLHR[Label:13C(6)15N(4) (R)]	39.12	37.39	36.9	37.99	1025467	783.394806	13	heavy	28.7	10	FALSE	GIRPS[+79.9663]PLENSLHR	GIRPS(unimod:21)PLENSLHR	0	1		1	1		1	0
2	GNVTFPSPK	GNVTFPS(unimod:21)PK(unimod:259)	chludwig_K150309_013_SW_0	chludwig_K150309_013_SW_0.wiff	GNVTFPS[+80]PK[+8]	GNVTFPS[Phospho (ST)]PK[Label:13C(6)15N(2) (K)]	36.56	35.71	34.8	36.37	8560712	517.743532	9	heavy	19.8	10	FALSE	GNVTFPS[+79.9663]PK	GNVTFPS(unimod:21)PK	0	1		1	1		1	0
2	GQNIPLSLPSSLAQR	GQNIPLS(unimod:21)LPSSLAQR(unimod:267)	chludwig_K150309_013_SW_0	chludwig_K150309_013_SW_0.wiff	GQNIPLS[+80]LPSSLAQR[+10]	GQNIPLS[Phospho (ST)]LPSSLAQR[Label:13C(6)15N(4) (R)]	73.48	73.25	72.77	73.92	54077	835.928678	15	heavy	30.5	6	FALSE	GQNIPLS[+79.9663]LPSSLAQR	GQNIPLS(unimod:21)LPSSLAQR	0	1		1			1	0
2	GSISSSELATVMR	GSIS(unimod:21)SSELATVMR(unimod:267)	chludwig_K150309_013_SW_0	chludwig_K150309_013_SW_0.wiff	GSIS[+80]SSELATVMR[+10]	GSIS[Phospho (ST)]SSELATVMR[Label:13C(6)15N(4) (R)]	54.5	62.66	62.3	63.21	1512389	714.327409	13	heavy	26.4	10	FALSE	GSIS[+79.9663]SSELATVMR	GSIS(unimod:21)SSELATVMR	0	1		1	2		1	0
2	GSVYHVPLNIVQADAVR	GS(unimod:21)VYHVPLNIVQADAVR(unimod:267)	chludwig_K150309_013_SW_0	chludwig_K150309_013_SW_0.wiff	GS[+80]VYHVPLNIVQADAVR[+10]	GS[Phospho (ST)]VYHVPLNIVQADAVR[Label:13C(6)15N(4) (R)]	71.99	71.31	71.01	71.92	908265	964.486892	17	heavy	34.9	16	FALSE	GS[+79.9663]VYHVPLNIVQADAVR	GS(unimod:21)VYHVPLNIVQADAVR	0	1		0	3		1	0
2	GTFIIDPAAVIR	GTFIIDPAAVIR	chludwig_K150309_013_SW_0	chludwig_K150309_013_SW_0.wiff	GTFIIDPAAVIR	GTFIIDPAAVIR	83.16	81.54	81.12	82.27	4053979	636.869162	12	light	23.9	4	FALSE	GTFIIDPAAVIR	GTFIIDPAAVIR	1	1		1	1		1	0
2	GTFIIDPGGVIR	GTFIIDPGGVIR	chludwig_K150309_013_SW_0	chludwig_K150309_013_SW_0.wiff	GTFIIDPGGVIR	GTFIIDPGGVIR	73.21	71.72	71.36	72.15	4239333	622.853512	12	light	23.5	4	FALSE	GTFIIDPGGVIR	GTFIIDPGGVIR	1	1		1	1		1	0
2	GTINPSNSSVVPVR	GT(unimod:21)INPSNSSVVPVR(unimod:267)	chludwig_K150309_013_SW_0	chludwig_K150309_013_SW_0.wiff	GT[+80]INPSNSSVVPVR[+10]	GT[Phospho (ST)]INPSNSSVVPVR[Label:13C(6)15N(4) (R)]	43.34	42.88	42.51	43	180800	758.873372	14	heavy	27.9	11	FALSE	GT[+79.9663]INPSNSSVVPVR	GT(unimod:21)INPSNSSVVPVR	0	1		1	1		1	0
2	GYGSDDENSKRISMPTK	GYGS(unimod:21)DDENSKRISMPTK(unimod:259)	chludwig_K150309_013_SW_0	chludwig_K150309_013_SW_0.wiff	GYGS[+80]DDENSKRISMPTK[+8]	GYGS[Phospho (ST)]DDENSKRISMPTK[Label:13C(6)15N(2) (K)]	30.4	29.09	28.78	29.51	37822	986.931711	17	heavy	35.7	6	FALSE	GYGS[+79.9663]DDENSKRISMPTK	GYGS(unimod:21)DDENSKRISMPTK	0	1		0			1	0
2	HNSNTVTPNFR	HNS(unimod:21)NTVTPNFR(unimod:267)	chludwig_K150309_013_SW_0	chludwig_K150309_013_SW_0.wiff	HNS[+80]NTVTPNFR[+10]	HNS[Phospho (ST)]NTVTPNFR[Label:13C(6)15N(4) (R)]	28.38	26.72	26.42	27.03	15092	688.80275	11	heavy	25.5	6	FALSE	HNS[+79.9663]NTVTPNFR	HNS(unimod:21)NTVTPNFR	0	1		0			1	0
2	HNSNTVTPNFRR	HNS(unimod:21)NTVTPNFRR(unimod:267)	chludwig_K150309_013_SW_0	chludwig_K150309_013_SW_0.wiff	HNS[+80]NTVTPNFRR[+10]	HNS[Phospho (ST)]NTVTPNFRR[Label:13C(6)15N(4) (R)]	13.27	21.35	21.05	21.65	69131	766.853305	12	heavy	28.2	6	FALSE	HNS[+79.9663]NTVTPNFRR	HNS(unimod:21)NTVTPNFRR	0	1		0			1	0
2	HQPMMTATPLSPAMQAK	HQPMMTAT(unimod:21)PLSPAMQAK(unimod:259)	chludwig_K150309_013_SW_0	chludwig_K150309_013_SW_0.wiff	HQPMMTAT[+80]PLSPAMQAK[+8]	HQPMMTAT[Phospho (ST)]PLSPAMQAK[Label:13C(6)15N(2) (K)]	46.16	47.57	47.32	47.87	67088	964.439607	17	heavy	34.9	6	FALSE	HQPMMTAT[+79.9663]PLSPAMQAK	HQPMMTAT(unimod:21)PLSPAMQAK	0	2		0			1	0
2	HSATPTSPHNNIALINR	HSATPTS(unimod:21)PHNNIALINR(unimod:267)	chludwig_K150309_013_SW_0	chludwig_K150309_013_SW_0.wiff	HSATPTS[+80]PHNNIALINR[+10]	HSATPTS[Phospho (ST)]PHNNIALINR[Label:13C(6)15N(4) (R)]	36.11	35.69	35.27	36.12	161388	966.969398	17	heavy	35	10	FALSE	HSATPTS[+79.9663]PHNNIALINR	HSATPTS(unimod:21)PHNNIALINR	0	1		1			1	0
2	HVLTSIGEK	HVLTS(unimod:21)IGEK(unimod:259)	chludwig_K150309_013_SW_0	chludwig_K150309_013_SW_0.wiff	HVLTS[+80]IGEK[+8]	HVLTS[Phospho (ST)]IGEK[Label:13C(6)15N(2) (K)]	30.59	28.12	27.75	28.72	7757692	536.269914	9	heavy	20.4	10	FALSE	HVLTS[+79.9663]IGEK	HVLTS(unimod:21)IGEK	0	1		1			1	0
2	IASGLISPVLGEVSER	IASGLIS(unimod:21)PVLGEVSER(unimod:267)	chludwig_K150309_013_SW_0	chludwig_K150309_013_SW_0.wiff	IASGLIS[+80]PVLGEVSER[+10]	IASGLIS[Phospho (ST)]PVLGEVSER[Label:13C(6)15N(4) (R)]	84.51	83.79	83.07	84.4	49030	858.943994	16	heavy	31.3	6	FALSE	IASGLIS[+79.9663]PVLGEVSER	IASGLIS(unimod:21)PVLGEVSER	0	1		1			0	1
2	IASPIQHEHDSGSR	IASPIQHEHDS(unimod:21)GSR(unimod:267)	chludwig_K150309_013_SW_0	chludwig_K150309_013_SW_0.wiff	IASPIQHEHDS[+80]GSR[+10]	IASPIQHEHDS[Phospho (ST)]GSR[Label:13C(6)15N(4) (R)]	15.99	16.79	16.43	17.15	168526	812.36116	14	heavy	29.7	11	FALSE	IASPIQHEHDS[+79.9663]GSR	IASPIQHEHDS(unimod:21)GSR	0	1		1			1	0
2	IGSEVYHNLK	IGS(unimod:21)EVYHNLK(unimod:259)	chludwig_K150309_013_SW_0	chludwig_K150309_013_SW_0.wiff	IGS[+80]EVYHNLK[+8]	IGS[Phospho (ST)]EVYHNLK[Label:13C(6)15N(2) (K)]	44.74	42.78	42.35	43.2	2728471	624.299202	10	heavy	23.4	13	FALSE	IGS[+79.9663]EVYHNLK	IGS(unimod:21)EVYHNLK	0	1		1	1		1	0
2	IHKPTISGSPSTFGTFPK	IHKPTISGS(unimod:21)PSTFGTFPK(unimod:259)	chludwig_K150309_013_SW_0	chludwig_K150309_013_SW_0.wiff	IHKPTISGS[+80]PSTFGTFPK[+8]	IHKPTISGS[Phospho (ST)]PSTFGTFPK[Label:13C(6)15N(2) (K)]	52.23	51.2	50.65	51.75	658902	995.49989	18	heavy	36	6	FALSE	IHKPTISGS[+79.9663]PSTFGTFPK	IHKPTISGS(unimod:21)PSTFGTFPK	0	1		0			1	0
2	ISLGSGAAR	IS(unimod:21)LGSGAAR(unimod:267)	chludwig_K150309_013_SW_0	chludwig_K150309_013_SW_0.wiff	IS[+80]LGSGAAR[+10]	IS[Phospho (ST)]LGSGAAR[Label:13C(6)15N(4) (R)]	30.46	28.97	28.67	29.34	4464549	461.225084	9	heavy	17.8	13	FALSE	IS[+79.9663]LGSGAAR	IS(unimod:21)LGSGAAR	0	1		1			1	0
2	ITTTESPTASK	ITTTES(unimod:21)PTASK(unimod:259)	chludwig_K150309_013_SW_0	chludwig_K150309_013_SW_0.wiff	ITTTES[+80]PTASK[+8]	ITTTES[Phospho (ST)]PTASK[Label:13C(6)15N(2) (K)]	8.63	11.94	11.58	12.25	1783766	612.285958	11	heavy	23	12	FALSE	ITTTES[+79.9663]PTASK	ITTTES(unimod:21)PTASK	0	1		1	3		1	0
2	IVVPEGSPSR	IVVPEGS(unimod:21)PSR(unimod:267)	chludwig_K150309_013_SW_0	chludwig_K150309_013_SW_0.wiff	IVVPEGS[+80]PSR[+10]	IVVPEGS[Phospho (ST)]PSR[Label:13C(6)15N(4) (R)]	31.3	30	29.63	30.36	10619427	565.777681	10	heavy	21.4	13	FALSE	IVVPEGS[+79.9663]PSR	IVVPEGS(unimod:21)PSR	0	1		1	2		1	0
2	KDSNTNIVLLK	K(unimod:259)DSNT(unimod:21)NIVLLK(unimod:259)	chludwig_K150309_013_SW_0	chludwig_K150309_013_SW_0.wiff	K[+8]DSNT[+80]NIVLLK[+8]	K[Label:13C(6)15N(2) (K)]DSNT[Phospho (ST)]NIVLLK[Label:13C(6)15N(2) (K)]	46.75	40.9	40.6	41.32	529653	670.861441	11	heavy	24.8	10	FALSE	KDSNT[+79.9663]NIVLLK	KDSNT(unimod:21)NIVLLK	0	2		1	2		1	0
2	KDSNTNIVLLK	KDS(unimod:21)NTNIVLLK(unimod:259)	chludwig_K150309_013_SW_0	chludwig_K150309_013_SW_0.wiff	KDS[+80]NTNIVLLK[+8]	KDS[Phospho (ST)]NTNIVLLK[Label:13C(6)15N(2) (K)]	41.36	43.7	43.39	44.06	921084	666.854342	11	heavy	24.8	8	FALSE	KDS[+79.9663]NTNIVLLK	KDS(unimod:21)NTNIVLLK	0	2		1	2		1	0
2	KERPLSIGNNVTTLSYTAK	KERPLS(unimod:21)IGNNVTTLSYTAK(unimod:259)	chludwig_K150309_013_SW_0	chludwig_K150309_013_SW_0.wiff	KERPLS[+80]IGNNVTTLSYTAK[+8]	KERPLS[Phospho (ST)]IGNNVTTLSYTAK[Label:13C(6)15N(2) (K)]	55.31	54.41	53.99	54.65	81869	1090.56375	19	heavy	39.2	6	FALSE	KERPLS[+79.9663]IGNNVTTLSYTAK	KERPLS(unimod:21)IGNNVTTLSYTAK	0	1		0	1		1	0
2	KFEENVSVDDTTATPK	KFEENVS(unimod:21)VDDTTATPK(unimod:259)	chludwig_K150309_013_SW_0	chludwig_K150309_013_SW_0.wiff	KFEENVS[+80]VDDTTATPK[+8]	KFEENVS[Phospho (ST)]VDDTTATPK[Label:13C(6)15N(2) (K)]	36.76	35.87	35.51	36.12	86056	934.923878	16	heavy	33.9	6	FALSE	KFEENVS[+79.9663]VDDTTATPK	KFEENVS(unimod:21)VDDTTATPK	0	1		0	1		1	0
2	KGSMADVPK	KGS(unimod:21)MADVPK(unimod:259)	chludwig_K150309_013_SW_0	chludwig_K150309_013_SW_0.wiff	KGS[+80]MADVPK[+8]	KGS[Phospho (ST)]MADVPK[Label:13C(6)15N(2) (K)]	11.45	14.5	14.2	14.87	200249	510.737392	9	heavy	19.5	14	FALSE	KGS[+79.9663]MADVPK	KGS(unimod:21)MADVPK	0	1		0	1		1	0
2	KINTNETLPSSLSSPK	KINT(unimod:21)NET(unimod:21)LPSSLSSPK(unimod:259)	chludwig_K150309_013_SW_0	chludwig_K150309_013_SW_0.wiff	KINT[+80]NET[+80]LPSSLSSPK[+8]	KINT[Phospho (ST)]NET[Phospho (ST)]LPSSLSSPK[Label:13C(6)15N(2) (K)]	43.37	43.26	42.6	43.75	159782	942.435771	16	heavy	34.2	6	FALSE	KINT[+79.9663]NET[+79.9663]LPSSLSSPK	KINT(unimod:21)NET(unimod:21)LPSSLSSPK	0	1		1			1	0
2	KLAALESPPPVLK	KLAALES(unimod:21)PPPVLK(unimod:259)	chludwig_K150309_013_SW_0	chludwig_K150309_013_SW_0.wiff	KLAALES[+80]PPPVLK[+8]	KLAALES[Phospho (ST)]PPPVLK[Label:13C(6)15N(2) (K)]	58.46	59.32	58.59	59.8	389851	725.91166	13	heavy	26.8	6	FALSE	KLAALES[+79.9663]PPPVLK	KLAALES(unimod:21)PPPVLK	0	1		0			1	0
2	KLSQLVKIEK	KLS(unimod:21)QLVKIEK(unimod:259)	chludwig_K150309_013_SW_0	chludwig_K150309_013_SW_0.wiff	KLS[+80]QLVKIEK[+8]	KLS[Phospho (ST)]QLVKIEK[Label:13C(6)15N(2) (K)]	50.15	43.51	43.21	43.87	184181	637.37217	10	heavy	23.8	6	FALSE	KLS[+79.9663]QLVKIEK	KLS(unimod:21)QLVKIEK	0	1		0			1	0
2	KVPTDPSSSQEYAK	KVPTDPSSS(unimod:21)QEYAK(unimod:259)	chludwig_K150309_013_SW_0	chludwig_K150309_013_SW_0.wiff	KVPTDPSSS[+80]QEYAK[+8]	KVPTDPSSS[Phospho (ST)]QEYAK[Label:13C(6)15N(2) (K)]	16.67	20.18	19.82	20.55	430085	812.870917	14	heavy	29.8	6	FALSE	KVPTDPSSS[+79.9663]QEYAK	KVPTDPSSS(unimod:21)QEYAK	0	1		1	4		1	0
2	LAALESPPPVLK	LAALES(unimod:21)PPPVLK(unimod:259)	chludwig_K150309_013_SW_0	chludwig_K150309_013_SW_0.wiff	LAALES[+80]PPPVLK[+8]	LAALES[Phospho (ST)]PPPVLK[Label:13C(6)15N(2) (K)]	64.59	64.35	63.69	65.26	3477431	661.864178	12	heavy	24.7	14	FALSE	LAALES[+79.9663]PPPVLK	LAALES(unimod:21)PPPVLK	0	1		1	1		1	0
2	LDFPSTQEGNEDK	LDFPST(unimod:21)QEGNEDK(unimod:259)	chludwig_K150309_013_SW_0	chludwig_K150309_013_SW_0.wiff	LDFPST[+80]QEGNEDK[+8]	LDFPST[Phospho (ST)]QEGNEDK[Label:13C(6)15N(2) (K)]	40.26	38.11	37.63	38.6	1270616	784.3238	13	heavy	28.8	12	FALSE	LDFPST[+79.9663]QEGNEDK	LDFPST(unimod:21)QEGNEDK	0	1		1	1		1	0
2	LDSGQSSFR	LDSGQS(unimod:21)SFR(unimod:267)	chludwig_K150309_013_SW_0	chludwig_K150309_013_SW_0.wiff	LDSGQS[+80]SFR[+10]	LDSGQS[Phospho (ST)]SFR[Label:13C(6)15N(4) (R)]	22.93	22.06	21.76	22.3	581741	543.728188	9	heavy	20.6	13	FALSE	LDSGQS[+79.9663]SFR	LDSGQS(unimod:21)SFR	0	1		0	2		1	0
2	LGGNEQVTR	LGGNEQVTR	chludwig_K150309_013_SW_0	chludwig_K150309_013_SW_0.wiff	LGGNEQVTR	LGGNEQVTR	8.52	9.17	8.8	9.65	2419139	487.256705	9	light	18.9	4	FALSE	LGGNEQVTR	LGGNEQVTR	1	1		1	1		1	0
2	LGTVPSNYVSSPDLVRR	LGTVPSNYVSS(unimod:21)PDLVRR(unimod:267)	chludwig_K150309_013_SW_0	chludwig_K150309_013_SW_0.wiff	LGTVPSNYVSS[+80]PDLVRR[+10]	LGTVPSNYVSS[Phospho (ST)]PDLVRR[Label:13C(6)15N(4) (R)]	53.24	54.05	53.74	54.41	44545	975.489632	17	heavy	35.3	9	FALSE	LGTVPSNYVSS[+79.9663]PDLVRR	LGTVPSNYVSS(unimod:21)PDLVRR	0	2		1	2		1	0
2	LLEYDNIEGMILLSELSR	LLEYDNIEGMILLSELS(unimod:21)R(unimod:267)	chludwig_K150309_013_SW_0	chludwig_K150309_013_SW_0.wiff	LLEYDNIEGMILLSELS[+80]R[+10]	LLEYDNIEGMILLSELS[Phospho (ST)]R[Label:13C(6)15N(4) (R)]	119.07	124.63	124.32	124.93	9192	1099.53813	18	heavy	39.5	10	FALSE	LLEYDNIEGMILLSELS[+79.9663]R	LLEYDNIEGMILLSELS(unimod:21)R	0	1		1	1		1	0
2	LLSPTALISK	LLS(unimod:21)PTALISK(unimod:259)	chludwig_K150309_013_SW_0	chludwig_K150309_013_SW_0.wiff	LLS[+80]PTALISK[+8]	LLS[Phospho (ST)]PTALISK[Label:13C(6)15N(2) (K)]	72.18	71.46	71.03	72.49	4535189	565.819239	10	heavy	21.4	13	FALSE	LLS[+79.9663]PTALISK	LLS(unimod:21)PTALISK	0	1		1	2		1	0
2	LSIGSAPTSR	LS(unimod:21)IGSAPTSR(unimod:267)	chludwig_K150309_013_SW_0	chludwig_K150309_013_SW_0.wiff	LS[+80]IGSAPTSR[+10]	LS[Phospho (ST)]IGSAPTSR[Label:13C(6)15N(4) (R)]	26.96	23.11	22.86	23.35	349790	539.762031	10	heavy	20.5	14	FALSE	LS[+79.9663]IGSAPTSR	LS(unimod:21)IGSAPTSR	0	1		1	3		1	0
2	LSSPDTESKLGPQDQSQAK	LSS(unimod:21)PDTESKLGPQDQSQAK(unimod:259)	chludwig_K150309_013_SW_0	chludwig_K150309_013_SW_0.wiff	LSS[+80]PDTESKLGPQDQSQAK[+8]	LSS[Phospho (ST)]PDTESKLGPQDQSQAK[Label:13C(6)15N(2) (K)]	26.34	26.42	26.18	26.85	58931	1052.487905	19	heavy	37.9	6	FALSE	LSS[+79.9663]PDTESKLGPQDQSQAK	LSS(unimod:21)PDTESKLGPQDQSQAK	0	1		0			1	0
2	LTATSEPTSR	LTATS(unimod:21)EPTS(unimod:21)R(unimod:267)	chludwig_K150309_013_SW_0	chludwig_K150309_013_SW_0.wiff	LTATS[+80]EPTS[+80]R[+10]	LTATS[Phospho (ST)]EPTS[Phospho (ST)]R[Label:13C(6)15N(4) (R)]	13.78	16.91	16.55	17.52	278318	616.745393	10	heavy	23.1	7	FALSE	LTATS[+79.9663]EPTS[+79.9663]R	LTATS(unimod:21)EPTS(unimod:21)R	0	1		1	1		0	1
2	LTGFLPQEIK	LT(unimod:21)GFLPQEIK(unimod:259)	chludwig_K150309_013_SW_0	chludwig_K150309_013_SW_0.wiff	LT[+80]GFLPQEIK[+8]	LT[Phospho (ST)]GFLPQEIK[Label:13C(6)15N(2) (K)]	68.94	67.74	67.32	68.59	3241778	617.322146	10	heavy	23.2	13	FALSE	LT[+79.9663]GFLPQEIK	LT(unimod:21)GFLPQEIK	0	1		1	2		1	0
2	MDSANSSEKISK	MDSANSS(unimod:21)EKISK(unimod:259)	chludwig_K150309_013_SW_0	chludwig_K150309_013_SW_0.wiff	MDSANSS[+80]EKISK[+8]	MDSANSS[Phospho (ST)]EKISK[Label:13C(6)15N(2) (K)]	16.77	5.88	5.28	6.61	423474	692.798906	12	heavy	25.7	14	FALSE	MDSANSS[+79.9663]EKISK	MDSANSS(unimod:21)EKISK	0	1		1	2		1	0
2	MIQEYLLK	MIQEY(unimod:21)LLK(unimod:259)	chludwig_K150309_013_SW_0	chludwig_K150309_013_SW_0.wiff	MIQEY[+80]LLK[+8]	MIQEY[Phospho (Y)]LLK[Label:13C(6)15N(2) (K)]	64.01	58.29	57.68	59.98	2731612	563.278893	8	heavy	21.3	6	FALSE	MIQEY[+79.9663]LLK	MIQEY(unimod:21)LLK	0	1		1			1	0
2	MNSRADYTNR	MNSRADYT(unimod:21)NR(unimod:267)	chludwig_K150309_013_SW_0	chludwig_K150309_013_SW_0.wiff	MNSRADYT[+80]NR[+10]	MNSRADYT[Phospho (ST)]NR[Label:13C(6)15N(4) (R)]	7.81	6.07	5.71	6.37	40428	659.267685	10	heavy	24.5	13	FALSE	MNSRADYT[+79.9663]NR	MNSRADYT(unimod:21)NR	0	1		1	1		1	0
2	MSVEEVSK	MS(unimod:21)VEEVSK(unimod:259)	chludwig_K150309_013_SW_0	chludwig_K150309_013_SW_0.wiff	MS[+80]VEEVSK[+8]	MS[Phospho (ST)]VEEVSK[Label:13C(6)15N(2) (K)]	20.73	26.38	26.01	26.68	823895	498.713583	8	heavy	19.1	17	FALSE	MS[+79.9663]VEEVSK	MS(unimod:21)VEEVSK	0	1		1	2	2 peaks with about the same evidence, but far apart	1	0
2	NGDGLISAAELK	NGDGLIS(unimod:21)AAELK(unimod:259)	chludwig_K150309_013_SW_0	chludwig_K150309_013_SW_0.wiff	NGDGLIS[+80]AAELK[+8]	NGDGLIS[Phospho (ST)]AAELK[Label:13C(6)15N(2) (K)]	62	59.38	58.71	59.74	337458	638.307224	12	heavy	23.9	8	FALSE	NGDGLIS[+79.9663]AAELK	NGDGLIS(unimod:21)AAELK	0	1		1	1		1	0
2	NGSINSLTK	NGS(unimod:21)INSLTK(unimod:259)	chludwig_K150309_013_SW_0	chludwig_K150309_013_SW_0.wiff	NGS[+80]INSLTK[+8]	NGS[Phospho (ST)]INSLTK[Label:13C(6)15N(2) (K)]	24.1	24.32	24.07	24.68	675400	511.243896	9	heavy	19.6	16	FALSE	NGS[+79.9663]INSLTK	NGS(unimod:21)INSLTK	0	1		1	2		1	0
2	NHTWSEFER	NHTWS(unimod:21)EFER(unimod:267)	chludwig_K150309_013_SW_0	chludwig_K150309_013_SW_0.wiff	NHTWS[+80]EFER[+10]	NHTWS[Phospho (ST)]EFER[Label:13C(6)15N(4) (R)]	55.31	57.93	57.57	58.35	181270	648.257644	9	heavy	24.2	13	FALSE	NHTWS[+79.9663]EFER	NHTWS(unimod:21)EFER	0	1		1	2		1	0
2	NKDGDDSASPSSSVTANGK	NKDGDDS(unimod:21)ASPSSSVTANGK(unimod:259)	chludwig_K150309_013_SW_0	chludwig_K150309_013_SW_0.wiff	NKDGDDS[+80]ASPSSSVTANGK[+8]	NKDGDDS[Phospho (ST)]ASPSSSVTANGK[Label:13C(6)15N(2) (K)]	8.4	11.25	10.88	11.73	72274	962.904205	19	heavy	34.9	6	FALSE	NKDGDDS[+79.9663]ASPSSSVTANGK	NKDGDDS(unimod:21)ASPSSSVTANGK	0	1		1	1		1	0
2	NKESPTKAIVR	NKES(unimod:21)PTKAIVR(unimod:267)	chludwig_K150309_013_SW_0	chludwig_K150309_013_SW_0.wiff	NKES[+80]PTKAIVR[+10]	NKES[Phospho (ST)]PTKAIVR[Label:13C(6)15N(4) (R)]	13.95	14.43	14.13	14.74	79964	666.849169	11	heavy	24.8	12	FALSE	NKES[+79.9663]PTKAIVR	NKES(unimod:21)PTKAIVR	0	2		1	1		0	1
2	NSLNHSNSTLNVGPSR	NSLNHSNST(unimod:21)LNVGPSR(unimod:267)	chludwig_K150309_013_SW_0	chludwig_K150309_013_SW_0.wiff	NSLNHSNST[+80]LNVGPSR[+10]	NSLNHSNST[Phospho (ST)]LNVGPSR[Label:13C(6)15N(4) (R)]	25.82	27.63	27.39	28	295508	893.909006	16	heavy	32.5	10	FALSE	NSLNHSNST[+79.9663]LNVGPSR	NSLNHSNST(unimod:21)LNVGPSR	0	1		1	2		1	0
2	NSLTNTSILSR	NS(unimod:21)LTNTSILSR(unimod:267)	chludwig_K150309_013_SW_0	chludwig_K150309_013_SW_0.wiff	NS[+80]LTNTSILSR[+10]	NS[Phospho (ST)]LTNTSILSR[Label:13C(6)15N(4) (R)]	44.96	46.9	46.6	47.21	1395457	648.315159	11	heavy	24.2	14	FALSE	NS[+79.9663]LTNTSILSR	NS(unimod:21)LTNTSILSR	0	1		1	2		1	0
2	NSLVNIK	NS(unimod:21)LVNIK(unimod:259)	chludwig_K150309_013_SW_0	chludwig_K150309_013_SW_0.wiff	NS[+80]LVNIK[+8]	NS[Phospho (ST)]LVNIK[Label:13C(6)15N(2) (K)]	34.09	33.45	33.15	33.75	2314172	438.227518	7	heavy	17.1	12	FALSE	NS[+79.9663]LVNIK	NS(unimod:21)LVNIK	0	1		1	2		1	0
2	NTSVRNMDDR	NTS(unimod:21)VRNMDDR(unimod:267)	chludwig_K150309_013_SW_0	chludwig_K150309_013_SW_0.wiff	NTS[+80]VRNMDDR[+10]	NTS[Phospho (ST)]VRNMDDR[Label:13C(6)15N(4) (R)]	8.04	10.01	9.7	10.31	719209	649.265143	10	heavy	24.2	6	FALSE	NTS[+79.9663]VRNMDDR	NTS(unimod:21)VRNMDDR	0	1		1	2		1	0
2	NTVSSNNLER	NTVS(unimod:21)SNNLER(unimod:267)	chludwig_K150309_013_SW_0	chludwig_K150309_013_SW_0.wiff	NTVS[+80]SNNLER[+10]	NTVS[Phospho (ST)]SNNLER[Label:13C(6)15N(4) (R)]	21.31	17.76	17.52	18	1448341	612.268208	10	heavy	22.9	11	FALSE	NTVS[+79.9663]SNNLER	NTVS(unimod:21)SNNLER	0	1		1	2		1	0
2	NYSARDIAVR	NYS(unimod:21)ARDIAVR(unimod:267)	chludwig_K150309_013_SW_0	chludwig_K150309_013_SW_0.wiff	NYS[+80]ARDIAVR[+10]	NYS[Phospho (ST)]ARDIAVR[Label:13C(6)15N(4) (R)]	33.61	31.63	31.27	31.93	661416	627.796936	10	heavy	23.5	10	FALSE	NYS[+79.9663]ARDIAVR	NYS(unimod:21)ARDIAVR	0	1		1	4		1	0
2	PIDSVVDEYLSESVQK	PIDS(unimod:21)VVDEYLSESVQK(unimod:259)	chludwig_K150309_013_SW_0	chludwig_K150309_013_SW_0.wiff	PIDS[+80]VVDEYLSESVQK[+8]	PIDS[Phospho (ST)]VVDEYLSESVQK[Label:13C(6)15N(2) (K)]	94.57	97.61	97.18	98.51	302052	948.441904	16	heavy	34.4	22	FALSE	PIDS[+79.9663]VVDEYLSESVQK	PIDS(unimod:21)VVDEYLSESVQK	0	1		0	2		1	0
2	PSEPETSPR	PSEPETS(unimod:21)PR(unimod:267)	chludwig_K150309_013_SW_0	chludwig_K150309_013_SW_0.wiff	PSEPETS[+80]PR[+10]	PSEPETS[Phospho (ST)]PR[Label:13C(6)15N(4) (R)]	5.61	5.78	5.05	6.63	2795368	545.228021	9	heavy	20.7	10	FALSE	PSEPETS[+79.9663]PR	PSEPETS(unimod:21)PR	0	1		1	2		1	0
2	QLQGKNSLTNTSILSR	QLQGKNS(unimod:21)LTNTSILSR(unimod:267)	chludwig_K150309_013_SW_0	chludwig_K150309_013_SW_0.wiff	QLQGKNS[+80]LTNTSILSR[+10]	QLQGKNS[Phospho (ST)]LTNTSILSR[Label:13C(6)15N(4) (R)]	46.13	44.9	44.54	45.2	114299	925.473981	16	heavy	33.6	17	FALSE	QLQGKNS[+79.9663]LTNTSILSR	QLQGKNS(unimod:21)LTNTSILSR	0	1		1	3		1	0
2	QSSPLSSR	QSS(unimod:21)PLSSR(unimod:267)	chludwig_K150309_013_SW_0	chludwig_K150309_013_SW_0.wiff	QSS[+80]PLSSR[+10]	QSS[Phospho (ST)]PLSSR[Label:13C(6)15N(4) (R)]	10.67	7.04	6.5	7.77	911484	476.212173	8	heavy	18.3	13	FALSE	QSS[+79.9663]PLSSR	QSS(unimod:21)PLSSR	0	1		1	3		1	0
2	QVVEGQNDFTGK	QVVEGQNDFT(unimod:21)GK(unimod:259)	chludwig_K150309_013_SW_0	chludwig_K150309_013_SW_0.wiff	QVVEGQNDFT[+80]GK[+8]	QVVEGQNDFT[Phospho (ST)]GK[Label:13C(6)15N(2) (K)]	29.55	27.69	27.39	28	191814	705.313038	12	heavy	26.1	14	FALSE	QVVEGQNDFT[+79.9663]GK	QVVEGQNDFT(unimod:21)GK	0	1		1	2		1	0
2	RASSLKA	RAS(unimod:21)SLK(unimod:259)A	chludwig_K150309_013_SW_0	chludwig_K150309_013_SW_0.wiff	RAS[+80]SLK[+8]A	RAS[Phospho (ST)]SLK[Label:13C(6)15N(2) (K)]A	10.67	0.79	0.43	1.58	5797821	410.712035	7	heavy	16.1	9	FALSE	RAS[+79.9663]SLKA	RAS(unimod:21)SLKA	0	2		1	3		1	0
2	RASSLKA	RASS(unimod:21)LK(unimod:259)A	chludwig_K150309_013_SW_0	chludwig_K150309_013_SW_0.wiff	RASS[+80]LK[+8]A	RASS[Phospho (ST)]LK[Label:13C(6)15N(2) (K)]A	3.47	0.79	0.43	1.58	6601482	410.712035	7	heavy	16.1	11	FALSE	RASS[+79.9663]LKA	RASS(unimod:21)LKA	0	2		1	3		1	0
2	RDSNSFWEQK	RDS(unimod:21)NSFWEQK(unimod:259)	chludwig_K150309_013_SW_0	chludwig_K150309_013_SW_0.wiff	RDS[+80]NSFWEQK[+8]	RDS[Phospho (ST)]NSFWEQK[Label:13C(6)15N(2) (K)]	37.37	33.82	33.52	34.12	187123	692.792273	10	heavy	25.7	14	FALSE	RDS[+79.9663]NSFWEQK	RDS(unimod:21)NSFWEQK	0	1		1	2		1	0
2	RGTGRSDENDDDLQR	RGTGRS(unimod:21)DENDDDLQR(unimod:267)	chludwig_K150309_013_SW_0	chludwig_K150309_013_SW_0.wiff	RGTGRS[+80]DENDDDLQR[+10]	RGTGRS[Phospho (ST)]DENDDDLQR[Label:13C(6)15N(4) (R)]	129.55	124.56	124.26	124.93	6055	912.380809	15	heavy	33.1	13	FALSE	RGTGRS[+79.9663]DENDDDLQR	RGTGRS(unimod:21)DENDDDLQR	0	1		1	1		1	0
2	RLSAYLESSKDLR	RLS(unimod:21)AYLESSKDLR(unimod:267)	chludwig_K150309_013_SW_0	chludwig_K150309_013_SW_0.wiff	RLS[+80]AYLESSKDLR[+10]	RLS[Phospho (ST)]AYLESSKDLR[Label:13C(6)15N(4) (R)]	49.02	47.93	47.5	48.47	912149	814.407579	13	heavy	29.8	6	FALSE	RLS[+79.9663]AYLESSKDLR	RLS(unimod:21)AYLESSKDLR	0	1		0			1	0
2	RTSNSYSPLR	RTSNSYS(unimod:21)PLR(unimod:267)	chludwig_K150309_013_SW_0	chludwig_K150309_013_SW_0.wiff	RTSNSYS[+80]PLR[+10]	RTSNSYS[Phospho (ST)]PLR[Label:13C(6)15N(4) (R)]	19.01	18	17.58	18.49	1374935	635.794393	10	heavy	23.7	6	FALSE	RTSNSYS[+79.9663]PLR	RTSNSYS(unimod:21)PLR	0	1		1	2		1	0
2	SASFSGIYK	SAS(unimod:21)FSGIYK(unimod:259)	chludwig_K150309_013_SW_0	chludwig_K150309_013_SW_0.wiff	SAS[+80]FSGIYK[+8]	SAS[Phospho (ST)]FSGIYK[Label:13C(6)15N(2) (K)]	46.42	42.54	42.23	42.84	595897	524.23554	9	heavy	20	6	FALSE	SAS[+79.9663]FSGIYK	SAS(unimod:21)FSGIYK	0	1		1	2		1	0
2	SASYTGAKV	SAS(unimod:21)YTGAK(unimod:259)V	chludwig_K150309_013_SW_0	chludwig_K150309_013_SW_0.wiff	SAS[+80]YTGAK[+8]V	SAS[Phospho (ST)]YTGAK[Label:13C(6)15N(2) (K)]V	22.48	20.5	20.07	20.98	3946324	486.219889	9	heavy	18.7	6	FALSE	SAS[+79.9663]YTGAKV	SAS(unimod:21)YTGAKV	0	1		1	2		1	0
2	SGSNISQGQSSTGHTTR	SGS(unimod:21)NISQGQSSTGHTTR(unimod:267)	chludwig_K150309_013_SW_0	chludwig_K150309_013_SW_0.wiff	SGS[+80]NISQGQSSTGHTTR[+10]	SGS[Phospho (ST)]NISQGQSSTGHTTR[Label:13C(6)15N(4) (R)]	2.1	3.08	2.78	3.32	70103	897.885728	17	heavy	32.6	6	FALSE	SGS[+79.9663]NISQGQSSTGHTTR	SGS(unimod:21)NISQGQSSTGHTTR	0	1		1	1		1	0
2	SHESPDDVRV	SHES(unimod:21)PDDVR(unimod:267)V	chludwig_K150309_013_SW_0	chludwig_K150309_013_SW_0.wiff	SHES[+80]PDDVR[+10]V	SHES[Phospho (ST)]PDDVR[Label:13C(6)15N(4) (R)]V	24.88	23.03	22.42	23.33	288500	615.754934	10	heavy	23.1	12	FALSE	SHES[+79.9663]PDDVRV	SHES(unimod:21)PDDVRV	0	1		1	1		1	0
2	SILHTIR	S(unimod:21)ILHTIR(unimod:267)	chludwig_K150309_013_SW_0	chludwig_K150309_013_SW_0.wiff	S[+80]ILHTIR[+10]	S[Phospho (ST)]ILHTIR[Label:13C(6)15N(4) (R)]	36.11	34.25	33.88	34.55	428496	465.245819	7	heavy	18	16	FALSE	S[+79.9663]ILHTIR	S(unimod:21)ILHTIR	0	1		0			1	0
2	SPPGFGR	S(unimod:21)PPGFGR(unimod:267)	chludwig_K150309_013_SW_0	chludwig_K150309_013_SW_0.wiff	S[+80]PPGFGR[+10]	S[Phospho (ST)]PPGFGR[Label:13C(6)15N(4) (R)]	22.54	21.7	21.4	22.12	2437506	404.174863	7	heavy	15.9	6	FALSE	S[+79.9663]PPGFGR	S(unimod:21)PPGFGR	0	1		1	1		1	0
2	SSGTNNKDVSQITSSPK	SS(unimod:21)GTNNKDVSQITSSPK(unimod:259)	chludwig_K150309_013_SW_0	chludwig_K150309_013_SW_0.wiff	SS[+80]GTNNKDVSQITSSPK[+8]	SS[Phospho (ST)]GTNNKDVSQITSSPK[Label:13C(6)15N(2) (K)]	21.12	22.97	22.42	23.27	768428	919.424577	17	heavy	33.4	6	FALSE	SS[+79.9663]GTNNKDVSQITSSPK	SS(unimod:21)GTNNKDVSQITSSPK	0	1		1	1		1	0
2	SVQKQDEDPLSPR	SVQKQDEDPLS(unimod:21)PR(unimod:267)	chludwig_K150309_013_SW_0	chludwig_K150309_013_SW_0.wiff	SVQKQDEDPLS[+80]PR[+10]	SVQKQDEDPLS[Phospho (ST)]PR[Label:13C(6)15N(4) (R)]	27.35	26	25.69	26.42	929093	794.865744	13	heavy	29.1	6	FALSE	SVQKQDEDPLS[+79.9663]PR	SVQKQDEDPLS(unimod:21)PR	0	1		1	2		1	0
2	SVSDAELRR	SVS(unimod:21)DAELRR(unimod:267)	chludwig_K150309_013_SW_0	chludwig_K150309_013_SW_0.wiff	SVS[+80]DAELRR[+10]	SVS[Phospho (ST)]DAELRR[Label:13C(6)15N(4) (R)]	18.07	17.42	17.11	17.72	646239	561.762562	9	heavy	21.2	10	FALSE	SVS[+79.9663]DAELRR	SVS(unimod:21)DAELRR	0	1		1	2		1	0
2	SVSIDSTKYSR	SVSIDS(unimod:21)TKYSR(unimod:267)	chludwig_K150309_013_SW_0	chludwig_K150309_013_SW_0.wiff	SVSIDS[+80]TKYSR[+10]	SVSIDS[Phospho (ST)]TKYSR[Label:13C(6)15N(4) (R)]	25.4	24.18	23.82	24.6	447809	666.807166	11	heavy	24.8	6	FALSE	SVSIDS[+79.9663]TKYSR	SVSIDS(unimod:21)TKYSR	0	1		1	2		1	0
2	SVSTEDNIHLLR	SVST(unimod:21)EDNIHLLR(unimod:267)	chludwig_K150309_013_SW_0	chludwig_K150309_013_SW_0.wiff	SVST[+80]EDNIHLLR[+10]	SVST[Phospho (ST)]EDNIHLLR[Label:13C(6)15N(4) (R)]	48.43	45.75	45.44	46.29	4116949	737.352272	12	heavy	27.2	10	FALSE	SVST[+79.9663]EDNIHLLR	SVST(unimod:21)EDNIHLLR	0	1		1	2		1	0
2	TAQQPQQFAPSPSNK	TAQQPQQFAPS(unimod:21)PSNK(unimod:259)	chludwig_K150309_013_SW_0	chludwig_K150309_013_SW_0.wiff	TAQQPQQFAPS[+80]PSNK[+8]	TAQQPQQFAPS[Phospho (ST)]PSNK[Label:13C(6)15N(2) (K)]	29.65	28.18	27.82	28.66	1078452	858.895258	15	heavy	31.3	6	FALSE	TAQQPQQFAPS[+79.9663]PSNK	TAQQPQQFAPS(unimod:21)PSNK	0	1		1	1		1	0
2	TASGNIIPSSTGAAK	TASGNIIPSST(unimod:21)GAAK(unimod:259)	chludwig_K150309_013_SW_0	chludwig_K150309_013_SW_0.wiff	TASGNIIPSST[+80]GAAK[+8]	TASGNIIPSST[Phospho (ST)]GAAK[Label:13C(6)15N(2) (K)]	30.36	33.33	32.97	33.75	1530233	731.85507	15	heavy	27	6	FALSE	TASGNIIPSST[+79.9663]GAAK	TASGNIIPSST(unimod:21)GAAK	0	1		1	1		1	0
2	TILDQGHLSPFLDSLR	TILDQGHLS(unimod:21)PFLDSLR(unimod:267)	chludwig_K150309_013_SW_0	chludwig_K150309_013_SW_0.wiff	TILDQGHLS[+80]PFLDSLR[+10]	TILDQGHLS[Phospho (ST)]PFLDSLR[Label:13C(6)15N(4) (R)]	97	91.36	90.45	93	734971	951.47345	16	heavy	34.4	10	FALSE	TILDQGHLS[+79.9663]PFLDSLR	TILDQGHLS(unimod:21)PFLDSLR	0	1		1	1		1	0
2	TISPLVSVTK	TIS(unimod:21)PLVSVTK(unimod:259)	chludwig_K150309_013_SW_0	chludwig_K150309_013_SW_0.wiff	TIS[+80]PLVSVTK[+8]	TIS[Phospho (ST)]PLVSVTK[Label:13C(6)15N(2) (K)]	53.89	53.38	53.02	53.93	6247461	566.808872	10	heavy	21.4	6	FALSE	TIS[+79.9663]PLVSVTK	TIS(unimod:21)PLVSVTK	0	1		1	1		1	0
2	TLSAESLSPR	TLS(unimod:21)AESLSPR(unimod:267)	chludwig_K150309_013_SW_0	chludwig_K150309_013_SW_0.wiff	TLS[+80]AESLSPR[+10]	TLS[Phospho (ST)]AESLSPR[Label:13C(6)15N(4) (R)]	39.29	38.86	38.44	39.53	5941653	575.772595	10	heavy	21.7	6	FALSE	TLS[+79.9663]AESLSPR	TLS(unimod:21)AESLSPR	0	1		1	1		1	0
2	TLSGNDYINASYVK	TLSGNDYINAS(unimod:21)YVK(unimod:259)	chludwig_K150309_013_SW_0	chludwig_K150309_013_SW_0.wiff	TLSGNDYINAS[+80]YVK[+8]	TLSGNDYINAS[Phospho (ST)]YVK[Label:13C(6)15N(2) (K)]	55.8	53.62	53.26	53.99	319043	816.87346	14	heavy	29.9	6	FALSE	TLSGNDYINAS[+79.9663]YVK	TLSGNDYINAS(unimod:21)YVK	0	1		1	1		1	0
2	TLSQSSIR	TLS(unimod:21)QSSIR(unimod:267)	chludwig_K150309_013_SW_0	chludwig_K150309_013_SW_0.wiff	TLS[+80]QSSIR[+10]	TLS[Phospho (ST)]QSSIR[Label:13C(6)15N(4) (R)]	23.71	23.28	23.04	23.65	2400712	491.235649	8	heavy	18.8	6	FALSE	TLS[+79.9663]QSSIR	TLS(unimod:21)QSSIR	0	1		1	1		1	0
2	TMSVFDNVSPFK	TMS(unimod:21)VFDNVSPFK(unimod:259)	chludwig_K150309_013_SW_0	chludwig_K150309_013_SW_0.wiff	TMS[+80]VFDNVSPFK[+8]	TMS[Phospho (ST)]VFDNVSPFK[Label:13C(6)15N(2) (K)]	85.42	83.43	80.94	84.7	2015864	730.32456	12	heavy	27	6	FALSE	TMS[+79.9663]VFDNVSPFK	TMS(unimod:21)VFDNVSPFK	0	1		1	1		1	0
2	TNIGCQSYMAPER	T(unimod:21)NIGC(unimod:4)QSYMAPER(unimod:267)	chludwig_K150309_013_SW_0	chludwig_K150309_013_SW_0.wiff	T[+80]NIGC[+57]QSYMAPER[+10]	T[Phospho (ST)]NIGC[Carbamidomethyl (C)]QSYMAPER[Label:13C(6)15N(4) (R)]	38.05	37.02	36.66	37.33	126395	808.82725	13	heavy	29.6	6	FALSE	T[+79.9663]NIGC[+57.0215]QSYMAPER	T(unimod:21)NIGC(unimod:4)QSYMAPER	0	1		1	1		1	0
2	TPVISGGPYEYR	TPVISGGPYEYR	chludwig_K150309_013_SW_0	chludwig_K150309_013_SW_0.wiff	TPVISGGPYEYR	TPVISGGPYEYR	45.71	43.79	43.49	44.15	3291357	669.838059	12	light	25.1	9	FALSE	TPVISGGPYEYR	TPVISGGPYEYR	1	1		1	1		1	0
2	TPVITGAPYEYR	TPVITGAPYEYR	chludwig_K150309_013_SW_0	chludwig_K150309_013_SW_0.wiff	TPVITGAPYEYR	TPVITGAPYEYR	48.71	47.06	46.76	47.43	4274982	683.853709	12	light	25.5	7	FALSE	TPVITGAPYEYR	TPVITGAPYEYR	1	1		1	1		1	0
2	TPYQGAVDPHGEYYR	T(unimod:21)PYQGAVDPHGEYYR(unimod:267)	chludwig_K150309_013_SW_0	chludwig_K150309_013_SW_0.wiff	T[+80]PYQGAVDPHGEYYR[+10]	T[Phospho (ST)]PYQGAVDPHGEYYR[Label:13C(6)15N(4) (R)]	37.4	35.99	35.75	36.48	1325787	921.88975	15	heavy	33.4	6	FALSE	T[+79.9663]PYQGAVDPHGEYYR	T(unimod:21)PYQGAVDPHGEYYR	0	1		1	1		1	0
2	TSKGGSLSPTPEAFNDTR	TSKGGS(unimod:21)LSPTPEAFNDTR(unimod:267)	chludwig_K150309_013_SW_0	chludwig_K150309_013_SW_0.wiff	TSKGGS[+80]LSPTPEAFNDTR[+10]	TSKGGS[Phospho (ST)]LSPTPEAFNDTR[Label:13C(6)15N(4) (R)]	40.52	39.57	39.27	39.99	323952	977.942711	18	heavy	35.3	6	FALSE	TSKGGS[+79.9663]LSPTPEAFNDTR	TSKGGS(unimod:21)LSPTPEAFNDTR	0	1		1			1	0
2	TSQPQQQSPSLLQGEIR	TSQPQQQS(unimod:21)PSLLQGEIR(unimod:267)	chludwig_K150309_013_SW_0	chludwig_K150309_013_SW_0.wiff	TSQPQQQS[+80]PSLLQGEIR[+10]	TSQPQQQS[Phospho (ST)]PSLLQGEIR[Label:13C(6)15N(4) (R)]	54.11	50.96	50.65	51.38	76811	993.979628	17	heavy	35.9	6	FALSE	TSQPQQQS[+79.9663]PSLLQGEIR	TSQPQQQS(unimod:21)PSLLQGEIR	0	1		1	1		1	0
2	TVSPTTQISAGK	TVS(unimod:21)PTTQISAGK(unimod:259)	chludwig_K150309_013_SW_0	chludwig_K150309_013_SW_0.wiff	TVS[+80]PTTQISAGK[+8]	TVS[Phospho (ST)]PTTQISAGK[Label:13C(6)15N(2) (K)]	27.35	27.76	27.4	28.12	2659281	639.31505	12	heavy	23.9	6	FALSE	TVS[+79.9663]PTTQISAGK	TVS(unimod:21)PTTQISAGK	0	1		1	1		1	0
2	VADSGVSDSVDDLAK	VADSGVSDS(unimod:21)VDDLAK(unimod:259)	chludwig_K150309_013_SW_0	chludwig_K150309_013_SW_0.wiff	VADSGVSDS[+80]VDDLAK[+8]	VADSGVSDS[Phospho (ST)]VDDLAK[Label:13C(6)15N(2) (K)]	42.34	40.17	39.63	40.66	703580	783.344732	15	heavy	28.8	14	FALSE	VADSGVSDS[+79.9663]VDDLAK	VADSGVSDS(unimod:21)VDDLAK	0	1		1	1		1	0
2	VARPLSVPGSPR	VARPLSVPGS(unimod:21)PR(unimod:267)	chludwig_K150309_013_SW_0	chludwig_K150309_013_SW_0.wiff	VARPLSVPGS[+80]PR[+10]	VARPLSVPGS[Phospho (ST)]PR[Label:13C(6)15N(4) (R)]	31.95	32.73	32.3	33.27	5174037	663.351878	12	heavy	24.7	6	FALSE	VARPLSVPGS[+79.9663]PR	VARPLSVPGS(unimod:21)PR	0	1		1	2		1	0
2	VATPLSGGVPPAPLPK	VAT(unimod:21)PLSGGVPPAPLPK(unimod:259)	chludwig_K150309_013_SW_0	chludwig_K150309_013_SW_0.wiff	VAT[+80]PLSGGVPPAPLPK[+8]	VAT[Phospho (ST)]PLSGGVPPAPLPK[Label:13C(6)15N(2) (K)]	61.48	62.59	61.8	64.04	9239973	794.933124	16	heavy	29.2	15	FALSE	VAT[+79.9663]PLSGGVPPAPLPK	VAT(unimod:21)PLSGGVPPAPLPK	0	1		1	1		1	0
2	VEATFGVDESNAK	VEATFGVDESNAK	chludwig_K150309_013_SW_0	chludwig_K150309_013_SW_0.wiff	VEATFGVDESNAK	VEATFGVDESNAK	35.4	33.79	33.55	34.16	3664201	683.827888	13	light	25.5	6	FALSE	VEATFGVDESNAK	VEATFGVDESNAK	1	1		1	1		1	0
2	VGEGTYGVVYK	VGEGT(unimod:21)YGVVYK(unimod:259)	chludwig_K150309_013_SW_0	chludwig_K150309_013_SW_0.wiff	VGEGT[+80]YGVVYK[+8]	VGEGT[Phospho (ST)]YGVVYK[Label:13C(6)15N(2) (K)]	37.47	32.66	32.3	33.02	1580048	630.293586	11	heavy	23.6	14	FALSE	VGEGT[+79.9663]YGVVYK	VGEGT(unimod:21)YGVVYK	0	2		1	4		1	0
2	VGEGTYGVVYK	VGEGTY(unimod:21)GVVYK(unimod:259)	chludwig_K150309_013_SW_0	chludwig_K150309_013_SW_0.wiff	VGEGTY[+80]GVVYK[+8]	VGEGTY[Phospho (Y)]GVVYK[Label:13C(6)15N(2) (K)]	32.83	32.67	32.36	32.97	1895435	630.293586	11	heavy	23.6	8	FALSE	VGEGTY[+79.9663]GVVYK	VGEGTY(unimod:21)GVVYK	0	2		1	4		1	0
2	VHSYTDLAYR	VHS(unimod:21)YTDLAYR(unimod:267)	chludwig_K150309_013_SW_0	chludwig_K150309_013_SW_0.wiff	VHS[+80]YTDLAYR[+10]	VHS[Phospho (ST)]YTDLAYR[Label:13C(6)15N(4) (R)]	36.95	34.85	34.55	35.09	446982	657.791319	10	heavy	24.5	8	FALSE	VHS[+79.9663]YTDLAYR	VHS(unimod:21)YTDLAYR	0	1		1	1		1	0
2	VPQQAAGKRISHIEK	VPQQAAGKRIS(unimod:21)HIEK(unimod:259)	chludwig_K150309_013_SW_0	chludwig_K150309_013_SW_0.wiff	VPQQAAGKRIS[+80]HIEK[+8]	VPQQAAGKRIS[Phospho (ST)]HIEK[Label:13C(6)15N(2) (K)]	17.55	17.76	17.46	18.18	26469	875.466185	15	heavy	31.9	10	FALSE	VPQQAAGKRIS[+79.9663]HIEK	VPQQAAGKRIS(unimod:21)HIEK	0	1		1	1		0	1
2	VSVGSMGSGK	VSVGS(unimod:21)MGSGK(unimod:259)	chludwig_K150309_013_SW_0	chludwig_K150309_013_SW_0.wiff	VSVGS[+80]MGSGK[+8]	VSVGS[Phospho (ST)]MGSGK[Label:13C(6)15N(2) (K)]	16.83	23.52	23.21	23.82	736801	498.719199	10	heavy	19.1	12	FALSE	VSVGS[+79.9663]MGSGK	VSVGS(unimod:21)MGSGK	0	1		1	1		1	0
2	VSYDASSSTSTVR	VS(unimod:21)YDASSSTSTVR(unimod:267)	chludwig_K150309_013_SW_0	chludwig_K150309_013_SW_0.wiff	VS[+80]YDASSSTSTVR[+10]	VS[Phospho (ST)]YDASSSTSTVR[Label:13C(6)15N(4) (R)]	20.79	25.88	25.58	26.18	385888	725.31027	13	heavy	26.8	9	FALSE	VS[+79.9663]YDASSSTSTVR	VS(unimod:21)YDASSSTSTVR	0	1		1	1		1	0
2	VVSELIAPANLSPQR	VVSELIAPANLS(unimod:21)PQR(unimod:267)	chludwig_K150309_013_SW_0	chludwig_K150309_013_SW_0.wiff	VVSELIAPANLS[+80]PQR[+10]	VVSELIAPANLS[Phospho (ST)]PQR[Label:13C(6)15N(4) (R)]	62.39	61.56	61.07	61.74	16570	842.438879	15	heavy	30.7	6	FALSE	VVSELIAPANLS[+79.9663]PQR	VVSELIAPANLS(unimod:21)PQR	0	1		1	1		1	0
2	YGGHSMSDPGTTYR	YGGHS(unimod:21)MSDPGTTYR(unimod:267)	chludwig_K150309_013_SW_0	chludwig_K150309_013_SW_0.wiff	YGGHS[+80]MSDPGTTYR[+10]	YGGHS[Phospho (ST)]MSDPGTTYR[Label:13C(6)15N(4) (R)]	25.53	26.18	25.88	26.6	785569	809.815197	14	heavy	29.6	6	FALSE	YGGHS[+79.9663]MSDPGTTYR	YGGHS(unimod:21)MSDPGTTYR	0	1		1	1		1	0
2	YILAGVENSK	YILAGVENSK	chludwig_K150309_013_SW_0	chludwig_K150309_013_SW_0.wiff	YILAGVENSK	YILAGVENSK	41.41	37.66	37.35	38.2	3217179	547.298038	10	light	20.9	7	FALSE	YILAGVENSK	YILAGVENSK	1	1		1	1		1	0
3	AALIGSLGSIFK	AALIGS(unimod:21)LGSIFK(unimod:259)	chludwig_K150309_013_SW_0	chludwig_K150309_013_SW_0.wiff	AALIGS[+80]LGSIFK[+8]	AALIGS[Phospho (ST)]LGSIFK[Label:13C(6)15N(2) (K)]	87.01	86.34	85.98	86.95	33490	422.231256	12	heavy	13.9	8	FALSE	AALIGS[+79.9663]LGSIFK	AALIGS(unimod:21)LGSIFK	0	1		1			0	1
3	AFIDEQFPQGISEPIPLGFTFSFPASQNK	AFIDEQFPQGISEPIPLGFTFS(unimod:21)FPASQNK(unimod:259)	chludwig_K150309_013_SW_0	chludwig_K150309_013_SW_0.wiff	AFIDEQFPQGISEPIPLGFTFS[+80]FPASQNK[+8]	AFIDEQFPQGISEPIPLGFTFS[Phospho (ST)]FPASQNK[Label:13C(6)15N(2) (K)]	113.26	110.57	110.33	110.81	4417	1100.862992	29	heavy	33.9	7	FALSE	AFIDEQFPQGISEPIPLGFTFS[+79.9663]FPASQNK	AFIDEQFPQGISEPIPLGFTFS(unimod:21)FPASQNK	0	1		1	1		0	1
3	AGLDNVDAESK	AGLDNVDAES(unimod:21)K(unimod:259)	chludwig_K150309_013_SW_0	chludwig_K150309_013_SW_0.wiff	AGLDNVDAES[+80]K[+8]	AGLDNVDAES[Phospho (ST)]K[Label:13C(6)15N(2) (K)]	23.81	25.03	24.67	25.33	149868	402.842497	11	heavy	13.3	6	FALSE	AGLDNVDAES[+79.9663]K	AGLDNVDAES(unimod:21)K	0	1		1	1		1	0
3	AIIVLSTSGTTPR	AIIVLSTSGTT(unimod:21)PR(unimod:267)	chludwig_K150309_013_SW_0	chludwig_K150309_013_SW_0.wiff	AIIVLSTSGTT[+80]PR[+10]	AIIVLSTSGTT[Phospho (ST)]PR[Label:13C(6)15N(4) (R)]	50.71	55.45	55.21	55.88	111066	469.249048	13	heavy	15.3	7	FALSE	AIIVLSTSGTT[+79.9663]PR	AIIVLSTSGTT(unimod:21)PR	0	1		0	3		1	0
3	AIPAPHEILTSNVVTR	AIPAPHEILT(unimod:21)SNVVTR(unimod:267)	chludwig_K150309_013_SW_0	chludwig_K150309_013_SW_0.wiff	AIPAPHEILT[+80]SNVVTR[+10]	AIPAPHEILT[Phospho (ST)]SNVVTR[Label:13C(6)15N(4) (R)]	62.22	59.37	59.01	59.74	920160	603.316232	16	heavy	19.2	11	FALSE	AIPAPHEILT[+79.9663]SNVVTR	AIPAPHEILT(unimod:21)SNVVTR	0	1		1	1		1	0
3	AKNSPEPNEFLR	AKNS(unimod:21)PEPNEFLR(unimod:267)	chludwig_K150309_013_SW_0	chludwig_K150309_013_SW_0.wiff	AKNS[+80]PEPNEFLR[+10]	AKNS[Phospho (ST)]PEPNEFLR[Label:13C(6)15N(4) (R)]	43.08	38.11	37.81	38.84	4332107	497.900419	12	heavy	16.1	9	FALSE	AKNS[+79.9663]PEPNEFLR	AKNS(unimod:21)PEPNEFLR	0	1		1	1		1	0
3	ALSNNISQESLVAPAPEQGVPPAISR	ALSNNIS(unimod:21)QESLVAPAPEQGVPPAISR(unimod:267)	chludwig_K150309_013_SW_0	chludwig_K150309_013_SW_0.wiff	ALSNNIS[+80]QESLVAPAPEQGVPPAISR[+10]	ALSNNIS[Phospho (ST)]QESLVAPAPEQGVPPAISR[Label:13C(6)15N(4) (R)]	68.81	74.53	74.16	75.01	297220	912.459491	26	heavy	28.3	6	FALSE	ALSNNIS[+79.9663]QESLVAPAPEQGVPPAISR	ALSNNIS(unimod:21)QESLVAPAPEQGVPPAISR	0	1		1	1		1	0
3	ALTPERNTVPLKNNDSR	ALT(unimod:21)PERNTVPLKNNDSR(unimod:267)	chludwig_K150309_013_SW_0	chludwig_K150309_013_SW_0.wiff	ALT[+80]PERNTVPLKNNDSR[+10]	ALT[Phospho (ST)]PERNTVPLKNNDSR[Label:13C(6)15N(4) (R)]	31.69	31.94	31.57	32.24	770656	672.336355	17	heavy	21.2	11	FALSE	ALT[+79.9663]PERNTVPLKNNDSR	ALT(unimod:21)PERNTVPLKNNDSR	0	1		1	1		1	0
3	ANSNEDGESVSSIQESPK	ANSNEDGES(unimod:21)VSS(unimod:21)IQESPK(unimod:259)	chludwig_K150309_013_SW_0	chludwig_K150309_013_SW_0.wiff	ANSNEDGES[+80]VSS[+80]IQESPK[+8]	ANSNEDGES[Phospho (ST)]VSS[Phospho (ST)]IQESPK[Label:13C(6)15N(2) (K)]	28.58	26.97	26.79	27.27	57898	682.599111	18	heavy	21.6	10	FALSE	ANSNEDGES[+79.9663]VSS[+79.9663]IQESPK	ANSNEDGES(unimod:21)VSS(unimod:21)IQESPK	0	1		1	1		0	1
3	ANSSPTTNIDHLK	ANS(unimod:21)SPTTNIDHLK(unimod:259)	chludwig_K150309_013_SW_0	chludwig_K150309_013_SW_0.wiff	ANS[+80]SPTTNIDHLK[+8]	ANS[Phospho (ST)]SPTTNIDHLK[Label:13C(6)15N(2) (K)]	31.43	30.6	30.36	30.84	1279926	495.899005	13	heavy	16.1	6	FALSE	ANS[+79.9663]SPTTNIDHLK	ANS(unimod:21)SPTTNIDHLK	0	2		1	3		1	0
3	ANSSPTTNIDHLK	ANSS(unimod:21)PTTNIDHLK(unimod:259)	chludwig_K150309_013_SW_0	chludwig_K150309_013_SW_0.wiff	ANSS[+80]PTTNIDHLK[+8]	ANSS[Phospho (ST)]PTTNIDHLK[Label:13C(6)15N(2) (K)]	29.58	29.51	29.15	29.82	2931156	495.899005	13	heavy	16.1	9	FALSE	ANSS[+79.9663]PTTNIDHLK	ANSS(unimod:21)PTTNIDHLK	0	2		1	3		1	0
3	APSSVSMVSPPPLHKNSR	APSSVSMVS(unimod:21)PPPLHKNSR(unimod:267)	chludwig_K150309_013_SW_0	chludwig_K150309_013_SW_0.wiff	APSSVSMVS[+80]PPPLHKNSR[+10]	APSSVSMVS[Phospho (ST)]PPPLHKNSR[Label:13C(6)15N(4) (R)]	37.14	31.81	31.39	32.18	86235	660.991531	18	heavy	20.9	11	FALSE	APSSVSMVS[+79.9663]PPPLHKNSR	APSSVSMVS(unimod:21)PPPLHKNSR	0	1		1	1		0	1
3	APTASQLQNPPPPPSTTK	APTAS(unimod:21)QLQNPPPPPSTTK(unimod:259)	chludwig_K150309_013_SW_0	chludwig_K150309_013_SW_0.wiff	APTAS[+80]QLQNPPPPPSTTK[+8]	APTAS[Phospho (ST)]QLQNPPPPPSTTK[Label:13C(6)15N(2) (K)]	36.66	37.81	36.54	38.24	7253552	640.649979	18	heavy	20.3	14	FALSE	APTAS[+79.9663]QLQNPPPPPSTTK	APTAS(unimod:21)QLQNPPPPPSTTK	0	1		1	1		1	0
3	ARPFYLTHLITQSVSPK	ARPFYLTHLITQSVS(unimod:21)PK(unimod:259)	chludwig_K150309_013_SW_0	chludwig_K150309_013_SW_0.wiff	ARPFYLTHLITQSVS[+80]PK[+8]	ARPFYLTHLITQSVS[Phospho (ST)]PK[Label:13C(6)15N(2) (K)]	71.92	69.13	68.59	69.74	2491471	682.69363	17	heavy	21.6	9	FALSE	ARPFYLTHLITQSVS[+79.9663]PK	ARPFYLTHLITQSVS(unimod:21)PK	0	1		1	2		1	0
3	ASAASDDRDDNNDENMDLD	AS(unimod:21)AASDDR(unimod:267)DDNNDENMDLD	chludwig_K150309_013_SW_0	chludwig_K150309_013_SW_0.wiff	AS[+80]AASDDR[+10]DDNNDENMDLD	AS[Phospho (ST)]AASDDR[Label:13C(6)15N(4) (R)]DDNNDENMDLD	27.87	36.66	36.36	37.09	22357	724.922676	19	heavy	22.8	7	FALSE	AS[+79.9663]AASDDRDDNNDENMDLD	AS(unimod:21)AASDDRDDNNDENMDLD	0	1		1	1		0	1
3	ASATDVTDSLGSTSSEYIEIPFVK	AS(unimod:21)ATDVTDSLGSTSSEYIEIPFVK(unimod:259)	chludwig_K150309_013_SW_0	chludwig_K150309_013_SW_0.wiff	AS[+80]ATDVTDSLGSTSSEYIEIPFVK[+8]	AS[Phospho (ST)]ATDVTDSLGSTSSEYIEIPFVK[Label:13C(6)15N(2) (K)]	100.48	102.33	101.91	103.06	17941	869.073118	24	heavy	27.1	6	FALSE	AS[+79.9663]ATDVTDSLGSTSSEYIEIPFVK	AS(unimod:21)ATDVTDSLGSTSSEYIEIPFVK	0	1		1	1		0	1
3	ASFSAQSASSYALPDQSSLEQHPK	AS(unimod:21)FSAQSASSYALPDQSSLEQHPK(unimod:259)	chludwig_K150309_013_SW_0	chludwig_K150309_013_SW_0.wiff	AS[+80]FSAQSASSYALPDQSSLEQHPK[+8]	AS[Phospho (ST)]FSAQSASSYALPDQSSLEQHPK[Label:13C(6)15N(2) (K)]	57.19	57.99	57.62	58.41	755242	875.396706	24	heavy	27.3	12	FALSE	AS[+79.9663]FSAQSASSYALPDQSSLEQHPK	AS(unimod:21)FSAQSASSYALPDQSSLEQHPK	0	1		1	3		1	0
3	ASVSSPSISTTSR	ASVSSPS(unimod:21)ISTTSR(unimod:267)	chludwig_K150309_013_SW_0	chludwig_K150309_013_SW_0.wiff	ASVSSPS[+80]ISTTSR[+10]	ASVSSPS[Phospho (ST)]ISTTSR[Label:13C(6)15N(4) (R)]	23.26	27.64	27.27	27.94	371322	457.212662	13	heavy	14.9	9	FALSE	ASVSSPS[+79.9663]ISTTSR	ASVSSPS(unimod:21)ISTTSR	0	1		0	2		1	0
3	ATSPLLESDSIEK	ATS(unimod:21)PLLESDSIEK(unimod:259)	chludwig_K150309_013_SW_0	chludwig_K150309_013_SW_0.wiff	ATS[+80]PLLESDSIEK[+8]	ATS[Phospho (ST)]PLLESDSIEK[Label:13C(6)15N(2) (K)]	45.68	45.02	44.66	45.38	356329	493.235283	13	heavy	16	10	FALSE	ATS[+79.9663]PLLESDSIEK	ATS(unimod:21)PLLESDSIEK	0	1		0			1	0
3	AVKSPLQPQESQEDLMDFVK	AVKSPLQPQES(unimod:21)QEDLMDFVK(unimod:259)	chludwig_K150309_013_SW_0	chludwig_K150309_013_SW_0.wiff	AVKSPLQPQES[+80]QEDLMDFVK[+8]	AVKSPLQPQES[Phospho (ST)]QEDLMDFVK[Label:13C(6)15N(2) (K)]	79.13	79.43	79.13	79.79	51072	793.046069	20	heavy	24.8	9	FALSE	AVKSPLQPQES[+79.9663]QEDLMDFVK	AVKSPLQPQES(unimod:21)QEDLMDFVK	0	1		1	3		1	0
3	AVSVSDLSYVANSQSSPLR	AVS(unimod:21)VSDLSYVANSQSSPLR(unimod:267)	chludwig_K150309_013_SW_0	chludwig_K150309_013_SW_0.wiff	AVS[+80]VSDLSYVANSQSSPLR[+10]	AVS[Phospho (ST)]VSDLSYVANSQSSPLR[Label:13C(6)15N(4) (R)]	76.14	64.28	63.92	64.77	42597	690.664137	19	heavy	21.8	6	FALSE	AVS[+79.9663]VSDLSYVANSQSSPLR	AVS(unimod:21)VSDLSYVANSQSSPLR	0	2		1	1		0	1
3	CHSTVQPHITNYVATR	C(unimod:4)HSTVQPHITNY(unimod:21)VATR(unimod:267)	chludwig_K150309_013_SW_0	chludwig_K150309_013_SW_0.wiff	C[+57]HSTVQPHITNY[+80]VATR[+10]	C[Carbamidomethyl (C)]HSTVQPHITNY[Phospho (Y)]VATR[Label:13C(6)15N(4) (R)]	39.16	43.57	43.27	43.93	28782	658.635748	16	heavy	20.8	8	FALSE	C[+57.0215]HSTVQPHITNY[+79.9663]VATR	C(unimod:4)HSTVQPHITNY(unimod:21)VATR	0	1		1	3		0	1
3	DASASSTSTFDAR	DASASS(unimod:21)TSTFDAR(unimod:267)	chludwig_K150309_013_SW_0	chludwig_K150309_013_SW_0.wiff	DASASS[+80]TSTFDAR[+10]	DASASS[Phospho (ST)]TSTFDAR[Label:13C(6)15N(4) (R)]	23.74	23.58	23.33	23.94	144915	469.188405	13	heavy	15.3	15	FALSE	DASASS[+79.9663]TSTFDAR	DASASS(unimod:21)TSTFDAR	0	1		0	2		1	0
3	DSSLLFSPAAVAMR	DSSLLFS(unimod:21)PAAVAMR(unimod:267)	chludwig_K150309_013_SW_0	chludwig_K150309_013_SW_0.wiff	DSSLLFS[+80]PAAVAMR[+10]	DSSLLFS[Phospho (ST)]PAAVAMR[Label:13C(6)15N(4) (R)]	83.99	83	81.85	83.37	45948	518.913559	14	heavy	16.7	6	FALSE	DSSLLFS[+79.9663]PAAVAMR	DSSLLFS(unimod:21)PAAVAMR	0	1		0	1		1	0
3	DVRRSQLAQQIQAR	DVRRS(unimod:21)QLAQQIQAR(unimod:267)	chludwig_K150309_013_SW_0	chludwig_K150309_013_SW_0.wiff	DVRRS[+80]QLAQQIQAR[+10]	DVRRS[Phospho (ST)]QLAQQIQAR[Label:13C(6)15N(4) (R)]	34.29	33.87	33.63	34.18	206925	586.971459	14	heavy	18.7	14	FALSE	DVRRS[+79.9663]QLAQQIQAR	DVRRS(unimod:21)QLAQQIQAR	0	1		1	1		1	0
3	DYIMSPVGNPEGPEKPNKK	DYIMS(unimod:21)PVGNPEGPEKPNKK(unimod:259)	chludwig_K150309_013_SW_0	chludwig_K150309_013_SW_0.wiff	DYIMS[+80]PVGNPEGPEKPNKK[+8]	DYIMS[Phospho (ST)]PVGNPEGPEKPNKK[Label:13C(6)15N(2) (K)]	42.3	40.05	39.75	40.54	1051248	730.0127	19	heavy	23	14	FALSE	DYIMS[+79.9663]PVGNPEGPEKPNKK	DYIMS(unimod:21)PVGNPEGPEKPNKK	0	1		0	4		1	0
3	EADATPDDDRSSISSNSNK	EADATPDDDRSS(unimod:21)ISSNSNK(unimod:259)	chludwig_K150309_013_SW_0	chludwig_K150309_013_SW_0.wiff	EADATPDDDRSS[+80]ISSNSNK[+8]	EADATPDDDRSS[Phospho (ST)]ISSNSNK[Label:13C(6)15N(2) (K)]	17.22	14.49	14.24	14.79	281129	699.621364	19	heavy	22.1	13	FALSE	EADATPDDDRSS[+79.9663]ISSNSNK	EADATPDDDRSS(unimod:21)ISSNSNK	0	1		1	1		1	0
3	EADIDDLSSHSQNLR	EADIDDLS(unimod:21)SHSQNLR(unimod:267)	chludwig_K150309_013_SW_0	chludwig_K150309_013_SW_0.wiff	EADIDDLS[+80]SHSQNLR[+10]	EADIDDLS[Phospho (ST)]SHSQNLR[Label:13C(6)15N(4) (R)]	37.34	36.54	35.69	36.6	13015	597.259111	15	heavy	19	6	FALSE	EADIDDLS[+79.9663]SHSQNLR	EADIDDLS(unimod:21)SHSQNLR	0	3		0			1	0
3	EADIDDLSSHSQNLR	EADIDDLSSHS(unimod:21)QNLR(unimod:267)	chludwig_K150309_013_SW_0	chludwig_K150309_013_SW_0.wiff	EADIDDLSSHS[+80]QNLR[+10]	EADIDDLSSHS[Phospho (ST)]QNLR[Label:13C(6)15N(4) (R)]	38.25	32.02	31.47	32.44	92243	597.259111	15	heavy	19	8	FALSE	EADIDDLSSHS[+79.9663]QNLR	EADIDDLSSHS(unimod:21)QNLR	0	3		1	1		0	1
3	EHSGDVTDSSFKR	EHS(unimod:21)GDVTDSSFKR(unimod:267)	chludwig_K150309_013_SW_0	chludwig_K150309_013_SW_0.wiff	EHS[+80]GDVTDSSFKR[+10]	EHS[Phospho (ST)]GDVTDSSFKR[Label:13C(6)15N(4) (R)]	16.35	16.18	15.94	16.61	311243	518.886838	13	heavy	16.7	6	FALSE	EHS[+79.9663]GDVTDSSFKR	EHS(unimod:21)GDVTDSSFKR	0	1		1	1		1	0
3	ESTAEPDSLSR	EST(unimod:21)AEPDSLSR(unimod:267)	chludwig_K150309_013_SW_0	chludwig_K150309_013_SW_0.wiff	EST[+80]AEPDSLSR[+10]	EST[Phospho (ST)]AEPDSLSR[Label:13C(6)15N(4) (R)]	12.1	6.86	6.31	7.7	952755	427.84598	11	heavy	14	13	FALSE	EST[+79.9663]AEPDSLSR	EST(unimod:21)AEPDSLSR	0	1		1	2		0	1
3	FAGFTFVDESAIDEHVNNNR	FAGFT(unimod:21)FVDESAIDEHVNNNR(unimod:267)	chludwig_K150309_013_SW_0	chludwig_K150309_013_SW_0.wiff	FAGFT[+80]FVDESAIDEHVNNNR[+10]	FAGFT[Phospho (ST)]FVDESAIDEHVNNNR[Label:13C(6)15N(4) (R)]	86.59	93.67	93.43	94.09	26869	791.345467	20	heavy	24.8	12	FALSE	FAGFT[+79.9663]FVDESAIDEHVNNNR	FAGFT(unimod:21)FVDESAIDEHVNNNR	0	1		1	1		1	0
3	FGGDFRSPSMR	FGGDFRSPS(unimod:21)MR(unimod:267)	chludwig_K150309_013_SW_0	chludwig_K150309_013_SW_0.wiff	FGGDFRSPS[+80]MR[+10]	FGGDFRSPS[Phospho (ST)]MR[Label:13C(6)15N(4) (R)]	43.31	39.33	38.97	39.63	277684	449.524406	11	heavy	14.7	14	FALSE	FGGDFRSPS[+79.9663]MR	FGGDFRSPS(unimod:21)MR	0	1		1	1		1	0
3	FMQQPQPEHMYPVNQSNTPQK	FMQQPQPEHMYPVNQS(unimod:21)NTPQK(unimod:259)	chludwig_K150309_013_SW_0	chludwig_K150309_013_SW_0.wiff	FMQQPQPEHMYPVNQS[+80]NTPQK[+8]	FMQQPQPEHMYPVNQS[Phospho (ST)]NTPQK[Label:13C(6)15N(2) (K)]	48.89	46.35	45.87	46.78	388205	873.053341	21	heavy	27.2	10	FALSE	FMQQPQPEHMYPVNQS[+79.9663]NTPQK	FMQQPQPEHMYPVNQS(unimod:21)NTPQK	0	1		1	3		1	0
3	FSIIAGGSPSSSQEAFDSHGNTEHGR	FSIIAGGS(unimod:21)PSSSQEAFDSHGNTEHGR(unimod:267)	chludwig_K150309_013_SW_0	chludwig_K150309_013_SW_0.wiff	FSIIAGGS[+80]PSSSQEAFDSHGNTEHGR[+10]	FSIIAGGS[Phospho (ST)]PSSSQEAFDSHGNTEHGR[Label:13C(6)15N(4) (R)]	48.37	51.69	51.32	52.11	324530	922.399071	26	heavy	28.6	16	FALSE	FSIIAGGS[+79.9663]PSSSQEAFDSHGNTEHGR	FSIIAGGS(unimod:21)PSSSQEAFDSHGNTEHGR	0	1		1	1		1	0
3	GHDFRNTSVR	GHDFRNT(unimod:21)SVR(unimod:267)	chludwig_K150309_013_SW_0	chludwig_K150309_013_SW_0.wiff	GHDFRNT[+80]SVR[+10]	GHDFRNT[Phospho (ST)]SVR[Label:13C(6)15N(4) (R)]	5.71	6.61	5.89	7.4	317378	426.858665	10	heavy	14	10	FALSE	GHDFRNT[+79.9663]SVR	GHDFRNT(unimod:21)SVR	0	2		1	2		1	1
3	GHDFRNTSVR	GHDFRNTS(unimod:21)VR(unimod:267)	chludwig_K150309_013_SW_0	chludwig_K150309_013_SW_0.wiff	GHDFRNTS[+80]VR[+10]	GHDFRNTS[Phospho (ST)]VR[Label:13C(6)15N(4) (R)]	11.77	11.22	10.79	11.7	2229459	426.858665	10	heavy	14	12	FALSE	GHDFRNTS[+79.9663]VR	GHDFRNTS(unimod:21)VR	0	2		1	2		1	1
3	GIRPSPLENSLHR	GIRPS(unimod:21)PLENSLHR(unimod:267)	chludwig_K150309_013_SW_0	chludwig_K150309_013_SW_0.wiff	GIRPS[+80]PLENSLHR[+10]	GIRPS[Phospho (ST)]PLENSLHR[Label:13C(6)15N(4) (R)]	39.12	37.39	36.9	37.99	5932714	522.598963	13	heavy	16.8	6	FALSE	GIRPS[+79.9663]PLENSLHR	GIRPS(unimod:21)PLENSLHR	0	1		1	1		1	0
3	GQEIVESLNETELLVDEEEK	GQEIVES(unimod:21)LNETELLVDEEEK(unimod:259)	chludwig_K150309_013_SW_0	chludwig_K150309_013_SW_0.wiff	GQEIVES[+80]LNETELLVDEEEK[+8]	GQEIVES[Phospho (ST)]LNETELLVDEEEK[Label:13C(6)15N(2) (K)]	77.31	79.37	79.13	79.73	44636	797.702913	20	heavy	25	8	FALSE	GQEIVES[+79.9663]LNETELLVDEEEK	GQEIVES(unimod:21)LNETELLVDEEEK	0	1		1	1		1	0
3	GQNIPLSLPSSLAQR	GQNIPLS(unimod:21)LPSSLAQR(unimod:267)	chludwig_K150309_013_SW_0	chludwig_K150309_013_SW_0.wiff	GQNIPLS[+80]LPSSLAQR[+10]	GQNIPLS[Phospho (ST)]LPSSLAQR[Label:13C(6)15N(4) (R)]	73.48	73.19	72.77	73.92	2237530	557.621544	15	heavy	17.9	9	FALSE	GQNIPLS[+79.9663]LPSSLAQR	GQNIPLS(unimod:21)LPSSLAQR	0	1		1	1		1	0
3	GSISSSELATVMR	GSIS(unimod:21)SSELATVMR(unimod:267)	chludwig_K150309_013_SW_0	chludwig_K150309_013_SW_0.wiff	GSIS[+80]SSELATVMR[+10]	GSIS[Phospho (ST)]SSELATVMR[Label:13C(6)15N(4) (R)]	54.5	62.66	62.3	63.21	437147	476.554031	13	heavy	15.5	6	FALSE	GSIS[+79.9663]SSELATVMR	GSIS(unimod:21)SSELATVMR	0	1		1	2		1	0
3	GSVYHVPLNIVQADAVR	GS(unimod:21)VYHVPLNIVQADAVR(unimod:267)	chludwig_K150309_013_SW_0	chludwig_K150309_013_SW_0.wiff	GS[+80]VYHVPLNIVQADAVR[+10]	GS[Phospho (ST)]VYHVPLNIVQADAVR[Label:13C(6)15N(4) (R)]	71.99	71.31	71.01	71.92	4493118	643.32702	17	heavy	20.4	11	FALSE	GS[+79.9663]VYHVPLNIVQADAVR	GS(unimod:21)VYHVPLNIVQADAVR	0	1		1	3		1	0
3	GSVYHVPLNPVQATAVR	GS(unimod:21)VYHVPLNPVQATAVR(unimod:267)	chludwig_K150309_013_SW_0	chludwig_K150309_013_SW_0.wiff	GS[+80]VYHVPLNPVQATAVR[+10]	GS[Phospho (ST)]VYHVPLNPVQATAVR[Label:13C(6)15N(4) (R)]	62	62.29	61.92	62.65	3852778	633.323498	17	heavy	20.1	12	FALSE	GS[+79.9663]VYHVPLNPVQATAVR	GS(unimod:21)VYHVPLNPVQATAVR	0	1		1	3		1	0
3	GTFPPIEYPSSVMARK	GT(unimod:21)FPPIEYPSSVMARK(unimod:259)	chludwig_K150309_013_SW_0	chludwig_K150309_013_SW_0.wiff	GT[+80]FPPIEYPSSVMARK[+8]	GT[Phospho (ST)]FPPIEYPSSVMARK[Label:13C(6)15N(2) (K)]	68.52	61.5	61.19	61.86	107147	623.301633	16	heavy	19.8	10	FALSE	GT[+79.9663]FPPIEYPSSVMARK	GT(unimod:21)FPPIEYPSSVMARK	0	1		1	3		0	1
3	GYGSDDENSKRISMPTK	GYGS(unimod:21)DDENSKRISMPTK(unimod:259)	chludwig_K150309_013_SW_0	chludwig_K150309_013_SW_0.wiff	GYGS[+80]DDENSKRISMPTK[+8]	GYGS[Phospho (ST)]DDENSKRISMPTK[Label:13C(6)15N(2) (K)]	30.4	29.09	28.78	29.51	528989	658.290233	17	heavy	20.9	14	FALSE	GYGS[+79.9663]DDENSKRISMPTK	GYGS(unimod:21)DDENSKRISMPTK	0	1		1	1		1	0
3	GYSENPVENSQFLTEYVATR	GYSENPVENSQFLT(unimod:21)EY(unimod:21)VATR(unimod:267)	chludwig_K150309_013_SW_0	chludwig_K150309_013_SW_0.wiff	GYSENPVENSQFLT[+80]EY[+80]VATR[+10]	GYSENPVENSQFLT[Phospho (ST)]EY[Phospho (Y)]VATR[Label:13C(6)15N(4) (R)]	63.29	62.87	62.45	62.93	21795	825.344455	20	heavy	25.8	11	FALSE	GYSENPVENSQFLT[+79.9663]EY[+79.9663]VATR	GYSENPVENSQFLT(unimod:21)EY(unimod:21)VATR	0	1		1	1		0	1
3	GYSENPVENSQFLTEYVATR	GYSENPVENSQFLT(unimod:21)EYVATR(unimod:267)	chludwig_K150309_013_SW_0	chludwig_K150309_013_SW_0.wiff	GYSENPVENSQFLT[+80]EYVATR[+10]	GYSENPVENSQFLT[Phospho (ST)]EYVATR[Label:13C(6)15N(4) (R)]	80.65	80.64	80.28	81.01	39657	798.689011	20	heavy	25	12	FALSE	GYSENPVENSQFLT[+79.9663]EYVATR	GYSENPVENSQFLT(unimod:21)EYVATR	0	2		1	3		0	1
3	GYSNTDSNSDRDVIPGSFR	GYSNTDSNS(unimod:21)DRDVIPGSFR(unimod:267)	chludwig_K150309_013_SW_0	chludwig_K150309_013_SW_0.wiff	GYSNTDSNS[+80]DRDVIPGSFR[+10]	GYSNTDSNS[Phospho (ST)]DRDVIPGSFR[Label:13C(6)15N(4) (R)]	48.82	37.63	37.38	38.17	39474	726.310534	19	heavy	22.8	12	FALSE	GYSNTDSNS[+79.9663]DRDVIPGSFR	GYSNTDSNS(unimod:21)DRDVIPGSFR	0	1		1			0	1
3	HDQASPSKTTPTMR	HDQASPS(unimod:21)KTTPTMR(unimod:267)	chludwig_K150309_013_SW_0	chludwig_K150309_013_SW_0.wiff	HDQASPS[+80]KTTPTMR[+10]	HDQASPS[Phospho (ST)]KTTPTMR[Label:13C(6)15N(4) (R)]	8.24	13.58	13.28	13.88	1122186	549.579239	14	heavy	17.6	15	FALSE	HDQASPS[+79.9663]KTTPTMR	HDQASPS(unimod:21)KTTPTMR	0	1		1	3		0	1
3	HLIRNPSNSLQLQGGDITR	HLIRNPSNS(unimod:21)LQLQGGDITR(unimod:267)	chludwig_K150309_013_SW_0	chludwig_K150309_013_SW_0.wiff	HLIRNPSNS[+80]LQLQGGDITR[+10]	HLIRNPSNS[Phospho (ST)]LQLQGGDITR[Label:13C(6)15N(4) (R)]	46.62	45.02	44.72	45.44	1783945	737.041942	19	heavy	23.2	17	FALSE	HLIRNPSNS[+79.9663]LQLQGGDITR	HLIRNPSNS(unimod:21)LQLQGGDITR	0	1		1	3		1	0
3	HNSNTVTPNFR	HNS(unimod:21)NTVTPNFR(unimod:267)	chludwig_K150309_013_SW_0	chludwig_K150309_013_SW_0.wiff	HNS[+80]NTVTPNFR[+10]	HNS[Phospho (ST)]NTVTPNFR[Label:13C(6)15N(4) (R)]	28.38	26.66	26.42	27.03	1712267	459.537592	11	heavy	15	15	FALSE	HNS[+79.9663]NTVTPNFR	HNS(unimod:21)NTVTPNFR	0	1		1	1		1	0
3	HNSNTVTPNFRR	HNS(unimod:21)NTVTPNFRR(unimod:267)	chludwig_K150309_013_SW_0	chludwig_K150309_013_SW_0.wiff	HNS[+80]NTVTPNFRR[+10]	HNS[Phospho (ST)]NTVTPNFRR[Label:13C(6)15N(4) (R)]	13.27	21.35	21.05	21.65	546686	511.571295	12	heavy	16.5	15	FALSE	HNS[+79.9663]NTVTPNFRR	HNS(unimod:21)NTVTPNFRR	0	1		0	1		1	0
3	HQPMMTATPLSPAMQAK	HQPMMTAT(unimod:21)PLSPAMQAK(unimod:259)	chludwig_K150309_013_SW_0	chludwig_K150309_013_SW_0.wiff	HQPMMTAT[+80]PLSPAMQAK[+8]	HQPMMTAT[Phospho (ST)]PLSPAMQAK[Label:13C(6)15N(2) (K)]	46.16	47.57	47.32	47.87	254641	643.295496	17	heavy	20.4	11	FALSE	HQPMMTAT[+79.9663]PLSPAMQAK	HQPMMTAT(unimod:21)PLSPAMQAK	0	2		1	1		1	0
3	HQPMMTATPLSPAMQAK	HQPMMTATPLS(unimod:21)PAMQAK(unimod:259)	chludwig_K150309_013_SW_0	chludwig_K150309_013_SW_0.wiff	HQPMMTATPLS[+80]PAMQAK[+8]	HQPMMTATPLS[Phospho (ST)]PAMQAK[Label:13C(6)15N(2) (K)]	50.19	49.69	49.32	49.99	91121	643.295496	17	heavy	20.4	10	FALSE	HQPMMTATPLS[+79.9663]PAMQAK	HQPMMTATPLS(unimod:21)PAMQAK	0	2		1	1		1	0
3	IASGLISPVLGEVSER	IASGLIS(unimod:21)PVLGEVSER(unimod:267)	chludwig_K150309_013_SW_0	chludwig_K150309_013_SW_0.wiff	IASGLIS[+80]PVLGEVSER[+10]	IASGLIS[Phospho (ST)]PVLGEVSER[Label:13C(6)15N(4) (R)]	84.51	83.61	83.07	84.4	69022	572.965088	16	heavy	18.3	13	FALSE	IASGLIS[+79.9663]PVLGEVSER	IASGLIS(unimod:21)PVLGEVSER	0	1		1			0	1
3	IELSDDSDVEVHPNVDK	IELS(unimod:21)DDSDVEVHPNVDK(unimod:259)	chludwig_K150309_013_SW_0	chludwig_K150309_013_SW_0.wiff	IELS[+80]DDSDVEVHPNVDK[+8]	IELS[Phospho (ST)]DDSDVEVHPNVDK[Label:13C(6)15N(2) (K)]	46.97	51.2	50.6	52.05	353179	666.964291	17	heavy	21.1	9	FALSE	IELS[+79.9663]DDSDVEVHPNVDK	IELS(unimod:21)DDSDVEVHPNVDK	0	1		1	3		0	1
3	IEPSNISPQHTYSNNVR	IEPSNIS(unimod:21)PQHTYSNNVR(unimod:267)	chludwig_K150309_013_SW_0	chludwig_K150309_013_SW_0.wiff	IEPSNIS[+80]PQHTYSNNVR[+10]	IEPSNIS[Phospho (ST)]PQHTYSNNVR[Label:13C(6)15N(4) (R)]	36.46	35.39	35.09	35.87	1895210	682.64871	17	heavy	21.6	13	FALSE	IEPSNIS[+79.9663]PQHTYSNNVR	IEPSNIS(unimod:21)PQHTYSNNVR	0	1		1	3		1	0
3	IHKPTISGSPSTFGTFPK	IHKPTISGS(unimod:21)PSTFGTFPK(unimod:259)	chludwig_K150309_013_SW_0	chludwig_K150309_013_SW_0.wiff	IHKPTISGS[+80]PSTFGTFPK[+8]	IHKPTISGS[Phospho (ST)]PSTFGTFPK[Label:13C(6)15N(2) (K)]	52.23	51.14	50.65	51.75	5065982	664.002352	18	heavy	21	16	FALSE	IHKPTISGS[+79.9663]PSTFGTFPK	IHKPTISGS(unimod:21)PSTFGTFPK	0	1		1	2		1	0
3	ILSASSIHENFPSR	ILS(unimod:21)ASSIHENFPSR(unimod:267)	chludwig_K150309_013_SW_0	chludwig_K150309_013_SW_0.wiff	ILS[+80]ASSIHENFPSR[+10]	ILS[Phospho (ST)]ASSIHENFPSR[Label:13C(6)15N(4) (R)]	56.29	55.32	54.83	55.99	3188560	549.930378	14	heavy	17.6	15	FALSE	ILS[+79.9663]ASSIHENFPSR	ILS(unimod:21)ASSIHENFPSR	0	1		1	1		1	1
3	ISHIEKRIESLQK	ISHIEKRIES(unimod:21)LQK(unimod:259)	chludwig_K150309_013_SW_0	chludwig_K150309_013_SW_0.wiff	ISHIEKRIES[+80]LQK[+8]	ISHIEKRIES[Phospho (ST)]LQK[Label:13C(6)15N(2) (K)]	32.7	30.12	29.75	30.42	525630	556.968983	13	heavy	17.9	11	FALSE	ISHIEKRIES[+79.9663]LQK	ISHIEKRIES(unimod:21)LQK	0	1		1	3		1	0
3	KDSNTNIVLLK	KDS(unimod:21)NTNIVLLK(unimod:259)	chludwig_K150309_013_SW_0	chludwig_K150309_013_SW_0.wiff	KDS[+80]NTNIVLLK[+8]	KDS[Phospho (ST)]NTNIVLLK[Label:13C(6)15N(2) (K)]	41.36	43.63	43.39	44.06	1489767	444.90532	11	heavy	14.6	16	FALSE	KDS[+79.9663]NTNIVLLK	KDS(unimod:21)NTNIVLLK	0	2		0			1	0
3	KERPLSIGNNVTTLSYTAK	KERPLS(unimod:21)IGNNVTTLSYTAK(unimod:259)	chludwig_K150309_013_SW_0	chludwig_K150309_013_SW_0.wiff	KERPLS[+80]IGNNVTTLSYTAK[+8]	KERPLS[Phospho (ST)]IGNNVTTLSYTAK[Label:13C(6)15N(2) (K)]	55.31	54.29	53.99	54.65	1201793	727.378259	19	heavy	22.9	16	FALSE	KERPLS[+79.9663]IGNNVTTLSYTAK	KERPLS(unimod:21)IGNNVTTLSYTAK	0	1		0	1		1	0
3	KFEENVSVDDTTATPK	KFEENVS(unimod:21)VDDTTATPK(unimod:259)	chludwig_K150309_013_SW_0	chludwig_K150309_013_SW_0.wiff	KFEENVS[+80]VDDTTATPK[+8]	KFEENVS[Phospho (ST)]VDDTTATPK[Label:13C(6)15N(2) (K)]	36.76	35.81	35.51	36.12	197852	623.618344	16	heavy	19.8	15	FALSE	KFEENVS[+79.9663]VDDTTATPK	KFEENVS(unimod:21)VDDTTATPK	0	1		0	1		1	0
3	KGTINPSNSSVVPVR	KGT(unimod:21)INPSNSSVVPVR(unimod:267)	chludwig_K150309_013_SW_0	chludwig_K150309_013_SW_0.wiff	KGT[+80]INPSNSSVVPVR[+10]	KGT[Phospho (ST)]INPSNSSVVPVR[Label:13C(6)15N(4) (R)]	38.7	36.78	36.42	37.02	98486	548.949661	15	heavy	17.6	15	FALSE	KGT[+79.9663]INPSNSSVVPVR	KGT(unimod:21)INPSNSSVVPVR	0	1		1			1	0
3	KINTNETLPSSLSSPK	KINT(unimod:21)NET(unimod:21)LPSSLSSPK(unimod:259)	chludwig_K150309_013_SW_0	chludwig_K150309_013_SW_0.wiff	KINT[+80]NET[+80]LPSSLSSPK[+8]	KINT[Phospho (ST)]NET[Phospho (ST)]LPSSLSSPK[Label:13C(6)15N(2) (K)]	43.37	43.2	42.6	43.75	643406	628.626273	16	heavy	20	11	FALSE	KINT[+79.9663]NET[+79.9663]LPSSLSSPK	KINT(unimod:21)NET(unimod:21)LPSSLSSPK	0	1		1			1	0
3	KKSLQQNSLSR	KKS(unimod:21)LQQNSLSR(unimod:267)	chludwig_K150309_013_SW_0	chludwig_K150309_013_SW_0.wiff	KKS[+80]LQQNSLSR[+10]	KKS[Phospho (ST)]LQQNSLSR[Label:13C(6)15N(4) (R)]	6.97	4.07	3.71	4.5	1118861	460.240775	11	heavy	15	11	FALSE	KKS[+79.9663]LQQNSLSR	KKS(unimod:21)LQQNSLSR	0	1		1			1	0
3	KLAALESPPPVLK	KLAALES(unimod:21)PPPVLK(unimod:259)	chludwig_K150309_013_SW_0	chludwig_K150309_013_SW_0.wiff	KLAALES[+80]PPPVLK[+8]	KLAALES[Phospho (ST)]PPPVLK[Label:13C(6)15N(2) (K)]	58.46	59.32	58.59	59.8	419352	484.276865	13	heavy	15.7	17	FALSE	KLAALES[+79.9663]PPPVLK	KLAALES(unimod:21)PPPVLK	0	1		0			1	0
3	KLDSGQSSFR	KLDSGQS(unimod:21)SFR(unimod:267)	chludwig_K150309_013_SW_0	chludwig_K150309_013_SW_0.wiff	KLDSGQS[+80]SFR[+10]	KLDSGQS[Phospho (ST)]SFR[Label:13C(6)15N(4) (R)]	13.17	18.12	17.88	18.49	124589	405.519538	10	heavy	13.4	13	FALSE	KLDSGQS[+79.9663]SFR	KLDSGQS(unimod:21)SFR	0	1		1	1		1	0
3	KLSQLVKIEK	KLS(unimod:21)QLVKIEK(unimod:259)	chludwig_K150309_013_SW_0	chludwig_K150309_013_SW_0.wiff	KLS[+80]QLVKIEK[+8]	KLS[Phospho (ST)]QLVKIEK[Label:13C(6)15N(2) (K)]	50.15	43.51	43.21	43.87	372441	425.250539	10	heavy	14	13	FALSE	KLS[+79.9663]QLVKIEK	KLS(unimod:21)QLVKIEK	0	1		1	3		1	0
3	KQVPSAELEPAGDGGLAGPVTVRD	KQVPS(unimod:21)AELEPAGDGGLAGPVTVR(unimod:267)D	chludwig_K150309_013_SW_0	chludwig_K150309_013_SW_0.wiff	KQVPS[+80]AELEPAGDGGLAGPVTVR[+10]D	KQVPS[Phospho (ST)]AELEPAGDGGLAGPVTVR[Label:13C(6)15N(4) (R)]D	58.69	58.05	57.32	58.77	1742027	818.403094	24	heavy	25.6	14	FALSE	KQVPS[+79.9663]AELEPAGDGGLAGPVTVRD	KQVPS(unimod:21)AELEPAGDGGLAGPVTVRD	0	1		1	1		1	0
3	KSHESPDDVRV	KSHES(unimod:21)PDDVR(unimod:267)V	chludwig_K150309_013_SW_0	chludwig_K150309_013_SW_0.wiff	KSHES[+80]PDDVR[+10]V	KSHES[Phospho (ST)]PDDVR[Label:13C(6)15N(4) (R)]V	19.95	16.68	16.19	17.4	5530499	453.537369	11	heavy	14.8	17	FALSE	KSHES[+79.9663]PDDVRV	KSHES(unimod:21)PDDVRV	0	1		0	1		1	0
3	KVPTDPSSSQEYAK	KVPTDPSSS(unimod:21)QEYAK(unimod:259)	chludwig_K150309_013_SW_0	chludwig_K150309_013_SW_0.wiff	KVPTDPSSS[+80]QEYAK[+8]	KVPTDPSSS[Phospho (ST)]QEYAK[Label:13C(6)15N(2) (K)]	16.67	20.12	19.82	20.55	745712	542.249703	14	heavy	17.4	16	FALSE	KVPTDPSSS[+79.9663]QEYAK	KVPTDPSSS(unimod:21)QEYAK	0	1		1	4		1	0
3	KVQGAAPWDTSLEVGR	KVQGAAPWDTS(unimod:21)LEVGR(unimod:267)	chludwig_K150309_013_SW_0	chludwig_K150309_013_SW_0.wiff	KVQGAAPWDTS[+80]LEVGR[+10]	KVQGAAPWDTS[Phospho (ST)]LEVGR[Label:13C(6)15N(4) (R)]	58.43	56.37	56.13	56.85	275119	601.960337	16	heavy	19.2	17	FALSE	KVQGAAPWDTS[+79.9663]LEVGR	KVQGAAPWDTS(unimod:21)LEVGR	0	1		1	1		0	1
3	KVSFSTANEVHIIPSSDSSK	KVS(unimod:21)FSTANEVHIIPSSDSSK(unimod:259)	chludwig_K150309_013_SW_0	chludwig_K150309_013_SW_0.wiff	KVS[+80]FSTANEVHIIPSSDSSK[+8]	KVS[Phospho (ST)]FSTANEVHIIPSSDSSK[Label:13C(6)15N(2) (K)]	55.83	54.59	54.29	54.96	408441	741.025774	20	heavy	23.3	14	FALSE	KVS[+79.9663]FSTANEVHIIPSSDSSK	KVS(unimod:21)FSTANEVHIIPSSDSSK	0	1		1	4		1	0
3	LAALESPPPVLK	LAALES(unimod:21)PPPVLK(unimod:259)	chludwig_K150309_013_SW_0	chludwig_K150309_013_SW_0.wiff	LAALES[+80]PPPVLK[+8]	LAALES[Phospho (ST)]PPPVLK[Label:13C(6)15N(2) (K)]	64.59	64.41	63.69	65.26	518039	441.578544	12	heavy	14.5	6	FALSE	LAALES[+79.9663]PPPVLK	LAALES(unimod:21)PPPVLK	0	1		1	1		1	0
3	LCDFGVSGEAVNSLATTFTGTSFYMAPER	LC(unimod:4)DFGVSGEAVNS(unimod:21)LATTFTGTSFYMAPER(unimod:267)	chludwig_K150309_013_SW_0	chludwig_K150309_013_SW_0.wiff	LC[+57]DFGVSGEAVNS[+80]LATTFTGTSFYMAPER[+10]	LC[Carbamidomethyl (C)]DFGVSGEAVNS[Phospho (ST)]LATTFTGTSFYMAPER[Label:13C(6)15N(4) (R)]	105.73	97.72	97.36	98.03	38875	1073.474372	29	heavy	33.1	17	FALSE	LC[+57.0215]DFGVSGEAVNS[+79.9663]LATTFTGTSFYMAPER	LC(unimod:4)DFGVSGEAVNS(unimod:21)LATTFTGTSFYMAPER	0	1		1	1		1	0
3	LDFPSTQEGNEDK	LDFPST(unimod:21)QEGNEDK(unimod:259)	chludwig_K150309_013_SW_0	chludwig_K150309_013_SW_0.wiff	LDFPST[+80]QEGNEDK[+8]	LDFPST[Phospho (ST)]QEGNEDK[Label:13C(6)15N(2) (K)]	40.26	38.05	37.63	38.6	199241	523.218292	13	heavy	16.9	6	FALSE	LDFPST[+79.9663]QEGNEDK	LDFPST(unimod:21)QEGNEDK	0	1		1	1		1	0
3	LGTVPSNYVSSPDLVRR	LGTVPSNYVS(unimod:21)SPDLVRR(unimod:267)	chludwig_K150309_013_SW_0	chludwig_K150309_013_SW_0.wiff	LGTVPSNYVS[+80]SPDLVRR[+10]	LGTVPSNYVS[Phospho (ST)]SPDLVRR[Label:13C(6)15N(4) (R)]	50.45	53.38	53.08	53.68	326167	650.66218	17	heavy	20.6	16	FALSE	LGTVPSNYVS[+79.9663]SPDLVRR	LGTVPSNYVS(unimod:21)SPDLVRR	0	2		1	3		1	0
3	LRSESLGRNSNTTQAR	LRSES(unimod:21)LGRNSNTTQAR(unimod:267)	chludwig_K150309_013_SW_0	chludwig_K150309_013_SW_0.wiff	LRSES[+80]LGRNSNTTQAR[+10]	LRSES[Phospho (ST)]LGRNSNTTQAR[Label:13C(6)15N(4) (R)]	15.08	15.28	15.03	15.58	207795	627.305166	16	heavy	19.9	14	FALSE	LRSES[+79.9663]LGRNSNTTQAR	LRSES(unimod:21)LGRNSNTTQAR	0	1		0	3		1	0
3	LSSPDTESKLGPQDQSQAK	LSS(unimod:21)PDTESKLGPQDQSQAK(unimod:259)	chludwig_K150309_013_SW_0	chludwig_K150309_013_SW_0.wiff	LSS[+80]PDTESKLGPQDQSQAK[+8]	LSS[Phospho (ST)]PDTESKLGPQDQSQAK[Label:13C(6)15N(2) (K)]	26.34	26.48	26.18	26.85	195390	701.994362	19	heavy	22.1	9	FALSE	LSS[+79.9663]PDTESKLGPQDQSQAK	LSS(unimod:21)PDTESKLGPQDQSQAK	0	1		1	2		1	0
3	LTGFLPQEIK	LT(unimod:21)GFLPQEIK(unimod:259)	chludwig_K150309_013_SW_0	chludwig_K150309_013_SW_0.wiff	LT[+80]GFLPQEIK[+8]	LT[Phospho (ST)]GFLPQEIK[Label:13C(6)15N(2) (K)]	68.94	67.74	67.32	68.59	303260	411.883856	10	heavy	13.6	6	FALSE	LT[+79.9663]GFLPQEIK	LT(unimod:21)GFLPQEIK	0	1		0	2		1	0
3	MDSANSSEKISK	MDSANSS(unimod:21)EKISK(unimod:259)	chludwig_K150309_013_SW_0	chludwig_K150309_013_SW_0.wiff	MDSANSS[+80]EKISK[+8]	MDSANSS[Phospho (ST)]EKISK[Label:13C(6)15N(2) (K)]	16.77	6	5.28	6.61	435398	462.201696	12	heavy	15.1	6	FALSE	MDSANSS[+79.9663]EKISK	MDSANSS(unimod:21)EKISK	0	1		0	2		1	0
3	NEQHSPTVESSSFDVNNAPAR	NEQHSPTVES(unimod:21)SSFDVNNAPAR(unimod:267)	chludwig_K150309_013_SW_0	chludwig_K150309_013_SW_0.wiff	NEQHSPTVES[+80]SSFDVNNAPAR[+10]	NEQHSPTVES[Phospho (ST)]SSFDVNNAPAR[Label:13C(6)15N(4) (R)]	40.39	39.02	38.78	39.33	186717	792.675765	21	heavy	24.8	16	FALSE	NEQHSPTVES[+79.9663]SSFDVNNAPAR	NEQHSPTVES(unimod:21)SSFDVNNAPAR	0	1		1	1		1	0
3	NGRPPLKSVSTEDNIHLLR	NGRPPLKSVST(unimod:21)EDNIHLLR(unimod:267)	chludwig_K150309_013_SW_0	chludwig_K150309_013_SW_0.wiff	NGRPPLKSVST[+80]EDNIHLLR[+10]	NGRPPLKSVST[Phospho (ST)]EDNIHLLR[Label:13C(6)15N(4) (R)]	46.94	45.75	45.38	46.72	2504782	746.053959	19	heavy	23.4	10	FALSE	NGRPPLKSVST[+79.9663]EDNIHLLR	NGRPPLKSVST(unimod:21)EDNIHLLR	0	1		1	1		1	0
3	NKDGDDSASPSSSVTANGK	NKDGDDS(unimod:21)ASPSSSVTANGK(unimod:259)	chludwig_K150309_013_SW_0	chludwig_K150309_013_SW_0.wiff	NKDGDDS[+80]ASPSSSVTANGK[+8]	NKDGDDS[Phospho (ST)]ASPSSSVTANGK[Label:13C(6)15N(2) (K)]	8.4	11.19	10.88	11.73	173209	642.271896	19	heavy	20.4	15	FALSE	NKDGDDS[+79.9663]ASPSSSVTANGK	NKDGDDS(unimod:21)ASPSSSVTANGK	0	1		1	1		1	0
3	NKESPTKAIVR	NKES(unimod:21)PTKAIVR(unimod:267)	chludwig_K150309_013_SW_0	chludwig_K150309_013_SW_0.wiff	NKES[+80]PTKAIVR[+10]	NKES[Phospho (ST)]PTKAIVR[Label:13C(6)15N(4) (R)]	13.95	14.43	14.13	14.74	449914	444.901871	11	heavy	14.5	20	FALSE	NKES[+79.9663]PTKAIVR	NKES(unimod:21)PTKAIVR	0	2		1	1		0	1
3	NKESPTKAIVR	NKESPT(unimod:21)KAIVR(unimod:267)	chludwig_K150309_013_SW_0	chludwig_K150309_013_SW_0.wiff	NKESPT[+80]KAIVR[+10]	NKESPT[Phospho (ST)]KAIVR[Label:13C(6)15N(4) (R)]	14.95	14.43	14.13	14.68	441688	444.901871	11	heavy	14.5	13	FALSE	NKESPT[+79.9663]KAIVR	NKESPT(unimod:21)KAIVR	0	2		1	1		0	1
3	NLSPTKQNGKATHPR	NLS(unimod:21)PTKQNGKATHPR(unimod:267)	chludwig_K150309_013_SW_0	chludwig_K150309_013_SW_0.wiff	NLS[+80]PTKQNGKATHPR[+10]	NLS[Phospho (ST)]PTKQNGKATHPR[Label:13C(6)15N(4) (R)]	2.49	1.72	1.42	1.97	283833	580.29231	15	heavy	18.5	13	FALSE	NLS[+79.9663]PTKQNGKATHPR	NLS(unimod:21)PTKQNGKATHPR	0	1		1	2		1	0
3	NQLVAASSPQQLQQQK	NQLVAASS(unimod:21)PQQLQQQK(unimod:259)	chludwig_K150309_013_SW_0	chludwig_K150309_013_SW_0.wiff	NQLVAASS[+80]PQQLQQQK[+8]	NQLVAASS[Phospho (ST)]PQQLQQQK[Label:13C(6)15N(2) (K)]	40.32	37.02	36.72	37.45	158343	619.309956	16	heavy	19.7	11	FALSE	NQLVAASS[+79.9663]PQQLQQQK	NQLVAASS(unimod:21)PQQLQQQK	0	1		1	2		1	0
3	NQTDLKPFPSAGSASSSIK	NQTDLKPFPSAGS(unimod:21)ASSSIK(unimod:259)	chludwig_K150309_013_SW_0	chludwig_K150309_013_SW_0.wiff	NQTDLKPFPSAGS[+80]ASSSIK[+8]	NQTDLKPFPSAGS[Phospho (ST)]ASSSIK[Label:13C(6)15N(2) (K)]	49.54	47.26	46.78	47.56	838721	674.992293	19	heavy	21.3	8	FALSE	NQTDLKPFPSAGS[+79.9663]ASSSIK	NQTDLKPFPSAGS(unimod:21)ASSSIK	0	1		1	1		1	0
3	NRESLISVTSSR	NRES(unimod:21)LISVTSSR(unimod:267)	chludwig_K150309_013_SW_0	chludwig_K150309_013_SW_0.wiff	NRES[+80]LISVTSSR[+10]	NRES[Phospho (ST)]LISVTSSR[Label:13C(6)15N(4) (R)]	35.62	34.3	33.99	34.54	876485	480.23569	12	heavy	15.6	22	FALSE	NRES[+79.9663]LISVTSSR	NRES(unimod:21)LISVTSSR	0	1		1	2		1	0
3	NSAAPASPLSNEHITSSTNSGSDANR	NSAAPAS(unimod:21)PLSNEHITSSTNSGSDANR(unimod:267)	chludwig_K150309_013_SW_0	chludwig_K150309_013_SW_0.wiff	NSAAPAS[+80]PLSNEHITSSTNSGSDANR[+10]	NSAAPAS[Phospho (ST)]PLSNEHITSSTNSGSDANR[Label:13C(6)15N(4) (R)]	35.07	35.09	34.78	35.39	548506	892.390464	26	heavy	27.7	15	FALSE	NSAAPAS[+79.9663]PLSNEHITSSTNSGSDANR	NSAAPAS(unimod:21)PLSNEHITSSTNSGSDANR	0	1		1	2	2 potential peaks	1	0
3	NSRVPSLVATSESPR	NSRVPSLVATSES(unimod:21)PR(unimod:267)	chludwig_K150309_013_SW_0	chludwig_K150309_013_SW_0.wiff	NSRVPSLVATSES[+80]PR[+10]	NSRVPSLVATSES[Phospho (ST)]PR[Label:13C(6)15N(4) (R)]	33.19	37.51	36.9	38.06	878408	563.944687	15	heavy	18.1	15	FALSE	NSRVPSLVATSES[+79.9663]PR	NSRVPSLVATSES(unimod:21)PR	0	1		1	1		1	0
3	NTSVRNMDDR	NTS(unimod:21)VRNMDDR(unimod:267)	chludwig_K150309_013_SW_0	chludwig_K150309_013_SW_0.wiff	NTS[+80]VRNMDDR[+10]	NTS[Phospho (ST)]VRNMDDR[Label:13C(6)15N(4) (R)]	8.04	10.01	9.7	10.31	519501	433.179187	10	heavy	14.2	10	FALSE	NTS[+79.9663]VRNMDDR	NTS(unimod:21)VRNMDDR	0	1		1	2		1	0
3	QASEQHQQQNMGPQVYSPK	QASEQHQQQNMGPQVYS(unimod:21)PK(unimod:259)	chludwig_K150309_013_SW_0	chludwig_K150309_013_SW_0.wiff	QASEQHQQQNMGPQVYS[+80]PK[+8]	QASEQHQQQNMGPQVYS[Phospho (ST)]PK[Label:13C(6)15N(2) (K)]	28.55	27.86	27.19	28.22	46788	758.334724	19	heavy	23.8	9	FALSE	QASEQHQQQNMGPQVYS[+79.9663]PK	QASEQHQQQNMGPQVYS(unimod:21)PK	0	1		1	1		1	0
3	QIFNQRPPSEFISTNLAGYFPHTDMK	QIFNQR(unimod:267)PPS(unimod:21)EFISTNLAGYFPHTDMK(unimod:259)	chludwig_K150309_013_SW_0	chludwig_K150309_013_SW_0.wiff	QIFNQR[+10]PPS[+80]EFISTNLAGYFPHTDMK[+8]	QIFNQR[Label:13C(6)15N(4) (R)]PPS[Phospho (ST)]EFISTNLAGYFPHTDMK[Label:13C(6)15N(2) (K)]	102.29	97.72	97.3	98.03	43597	1046.162085	26	heavy	32.2	15	FALSE	QIFNQRPPS[+79.9663]EFISTNLAGYFPHTDMK	QIFNQRPPS(unimod:21)EFISTNLAGYFPHTDMK	0	3		1	1		1	0
3	QIFNQRPPSEFISTNLAGYFPHTDMK	QIFNQR(unimod:267)PPSEFIS(unimod:21)TNLAGYFPHTDMK(unimod:259)	chludwig_K150309_013_SW_0	chludwig_K150309_013_SW_0.wiff	QIFNQR[+10]PPSEFIS[+80]TNLAGYFPHTDMK[+8]	QIFNQR[Label:13C(6)15N(4) (R)]PPSEFIS[Phospho (ST)]TNLAGYFPHTDMK[Label:13C(6)15N(2) (K)]	101.32	97.72	97.3	98.15	49614	1046.162085	26	heavy	32.2	13	FALSE	QIFNQRPPSEFIS[+79.9663]TNLAGYFPHTDMK	QIFNQRPPSEFIS(unimod:21)TNLAGYFPHTDMK	0	3		1	2		1	0
3	QLAHEEHINNDGDNDDENSNNIESSPLK	QLAHEEHINNDGDNDDENSNNIESS(unimod:21)PLK(unimod:259)	chludwig_K150309_013_SW_0	chludwig_K150309_013_SW_0.wiff	QLAHEEHINNDGDNDDENSNNIESS[+80]PLK[+8]	QLAHEEHINNDGDNDDENSNNIESS[Phospho (ST)]PLK[Label:13C(6)15N(2) (K)]	35	33.33	33.09	33.69	69947	1079.45456	28	heavy	33.3	13	FALSE	QLAHEEHINNDGDNDDENSNNIESS[+79.9663]PLK	QLAHEEHINNDGDNDDENSNNIESS(unimod:21)PLK	0	1		0	1		1	0
3	QLELSINSASPNVNHSPVPTK	QLELSINSAS(unimod:21)PNVNHSPVPTK(unimod:259)	chludwig_K150309_013_SW_0	chludwig_K150309_013_SW_0.wiff	QLELSINSAS[+80]PNVNHSPVPTK[+8]	QLELSINSAS[Phospho (ST)]PNVNHSPVPTK[Label:13C(6)15N(2) (K)]	56.74	55.02	54.83	55.38	249481	774.052323	21	heavy	24.3	20	FALSE	QLELSINSAS[+79.9663]PNVNHSPVPTK	QLELSINSAS(unimod:21)PNVNHSPVPTK	0	2		1	4		1	0
3	QLELSINSASPNVNHSPVPTK	QLELSINSASPNVNHS(unimod:21)PVPTK(unimod:259)	chludwig_K150309_013_SW_0	chludwig_K150309_013_SW_0.wiff	QLELSINSASPNVNHS[+80]PVPTK[+8]	QLELSINSASPNVNHS[Phospho (ST)]PVPTK[Label:13C(6)15N(2) (K)]	54.66	55.02	54.83	55.38	301971	774.052323	21	heavy	24.3	35	FALSE	QLELSINSASPNVNHS[+79.9663]PVPTK	QLELSINSASPNVNHS(unimod:21)PVPTK	0	2		1	4		1	0
3	QLQGKNSLTNTSILSR	QLQGKNS(unimod:21)LTNTSILSR(unimod:267)	chludwig_K150309_013_SW_0	chludwig_K150309_013_SW_0.wiff	QLQGKNS[+80]LTNTSILSR[+10]	QLQGKNS[Phospho (ST)]LTNTSILSR[Label:13C(6)15N(4) (R)]	46.13	44.84	44.54	45.2	251682	617.318413	16	heavy	19.6	16	FALSE	QLQGKNS[+79.9663]LTNTSILSR	QLQGKNS(unimod:21)LTNTSILSR	0	1		1	3		1	0
3	QQSVKANSSPTTNIDHLK	QQSVKANSS(unimod:21)PTTNIDHLK(unimod:259)	chludwig_K150309_013_SW_0	chludwig_K150309_013_SW_0.wiff	QQSVKANSS[+80]PTTNIDHLK[+8]	QQSVKANSS[Phospho (ST)]PTTNIDHLK[Label:13C(6)15N(2) (K)]	30.01	36.6	36.12	36.91	298623	686.003192	18	heavy	21.7	18	FALSE	QQSVKANSS[+79.9663]PTTNIDHLK	QQSVKANSS(unimod:21)PTTNIDHLK	0	1		1	2		1	0
3	RASIFSTTKK	RAS(unimod:21)IFSTTK(unimod:259)K	chludwig_K150309_013_SW_0	chludwig_K150309_013_SW_0.wiff	RAS[+80]IFSTTK[+8]K	RAS[Phospho (ST)]IFSTTK[Label:13C(6)15N(2) (K)]K	19.3	18.37	17.88	18.79	3751974	409.550988	10	heavy	13.5	22	FALSE	RAS[+79.9663]IFSTTKK	RAS(unimod:21)IFSTTKK	0	1		1	2		1	0
3	RGSTTTVQHSPGAYIPPNAR	RGSTTTVQHS(unimod:21)PGAYIPPNAR(unimod:267)	chludwig_K150309_013_SW_0	chludwig_K150309_013_SW_0.wiff	RGSTTTVQHS[+80]PGAYIPPNAR[+10]	RGSTTTVQHS[Phospho (ST)]PGAYIPPNAR[Label:13C(6)15N(4) (R)]	35.2	34.22	33.79	34.88	903464	734.022659	20	heavy	23.1	15	FALSE	RGSTTTVQHS[+79.9663]PGAYIPPNAR	RGSTTTVQHS(unimod:21)PGAYIPPNAR	0	1		1	2		1	0
3	RGSVYHVPLNPVQATAVR	RGS(unimod:21)VYHVPLNPVQATAVR(unimod:267)	chludwig_K150309_013_SW_0	chludwig_K150309_013_SW_0.wiff	RGS[+80]VYHVPLNPVQATAVR[+10]	RGS[Phospho (ST)]VYHVPLNPVQATAVR[Label:13C(6)15N(4) (R)]	54.47	56.11	55.56	56.59	3489289	685.357202	18	heavy	21.6	13	FALSE	RGS[+79.9663]VYHVPLNPVQATAVR	RGS(unimod:21)VYHVPLNPVQATAVR	0	1		1	3		1	0
3	RLSAYLESSKDLR	RLS(unimod:21)AYLESSKDLR(unimod:267)	chludwig_K150309_013_SW_0	chludwig_K150309_013_SW_0.wiff	RLS[+80]AYLESSKDLR[+10]	RLS[Phospho (ST)]AYLESSKDLR[Label:13C(6)15N(4) (R)]	49.02	47.99	47.5	48.47	7322628	543.274145	13	heavy	17.4	17	FALSE	RLS[+79.9663]AYLESSKDLR	RLS(unimod:21)AYLESSKDLR	0	1		1	2		1	0
3	RQTQLEQDELLAR	RQT(unimod:21)QLEQDELLAR(unimod:267)	chludwig_K150309_013_SW_0	chludwig_K150309_013_SW_0.wiff	RQT[+80]QLEQDELLAR[+10]	RQT[Phospho (ST)]QLEQDELLAR[Label:13C(6)15N(4) (R)]	45.19	41.38	41.02	41.69	1780349	563.944687	13	heavy	18.1	6	FALSE	RQT[+79.9663]QLEQDELLAR	RQT(unimod:21)QLEQDELLAR	0	1		1	2		1	0
3	RRSQVVFADSTPENIEHEIIAQK	RRS(unimod:21)QVVFADSTPENIEHEIIAQK(unimod:259)	chludwig_K150309_013_SW_0	chludwig_K150309_013_SW_0.wiff	RRS[+80]QVVFADSTPENIEHEIIAQK[+8]	RRS[Phospho (ST)]QVVFADSTPENIEHEIIAQK[Label:13C(6)15N(2) (K)]	69.26	64.41	63.98	64.71	21465	919.126662	23	heavy	28.5	6	FALSE	RRS[+79.9663]QVVFADSTPENIEHEIIAQK	RRS(unimod:21)QVVFADSTPENIEHEIIAQK	0	1		1	2		1	0
3	RTSNSYSPLR	RTSNSYS(unimod:21)PLR(unimod:267)	chludwig_K150309_013_SW_0	chludwig_K150309_013_SW_0.wiff	RTSNSYS[+80]PLR[+10]	RTSNSYS[Phospho (ST)]PLR[Label:13C(6)15N(4) (R)]	19.01	18	17.58	18.49	2916537	424.198688	10	heavy	13.9	10	FALSE	RTSNSYS[+79.9663]PLR	RTSNSYS(unimod:21)PLR	0	1		1	2		1	0
3	SGFFGGFFSTK	S(unimod:21)GFFGGFFSTK(unimod:259)	chludwig_K150309_013_SW_0	chludwig_K150309_013_SW_0.wiff	S[+80]GFFGGFFSTK[+8]	S[Phospho (ST)]GFFGGFFSTK[Label:13C(6)15N(2) (K)]	91.49	85.37	85.07	86.4	203732	423.852556	11	heavy	13.9	17	FALSE	S[+79.9663]GFFGGFFSTK	S(unimod:21)GFFGGFFSTK	0	1		1	1		0	1
3	SGSNISQGQSSTGHTTR	SGS(unimod:21)NISQGQSSTGHTTR(unimod:267)	chludwig_K150309_013_SW_0	chludwig_K150309_013_SW_0.wiff	SGS[+80]NISQGQSSTGHTTR[+10]	SGS[Phospho (ST)]NISQGQSSTGHTTR[Label:13C(6)15N(4) (R)]	2.1	3.06	2.78	3.32	178084	598.926244	17	heavy	19.1	6	FALSE	SGS[+79.9663]NISQGQSSTGHTTR	SGS(unimod:21)NISQGQSSTGHTTR	0	1		1	1		1	0
3	SIDSISSSFIK	S(unimod:21)IDSISSSFIK(unimod:259)	chludwig_K150309_013_SW_0	chludwig_K150309_013_SW_0.wiff	S[+80]IDSISSSFIK[+8]	S[Phospho (ST)]IDSISSSFIK[Label:13C(6)15N(2) (K)]	69.43	65.31	64.89	65.68	88515	424.538526	11	heavy	14	12	FALSE	S[+79.9663]IDSISSSFIK	S(unimod:21)IDSISSSFIK	0	2		1	2		1	0
3	SIKTESSPKFLNSPDLPER	SIKTES(unimod:21)SPKFLNSPDLPER(unimod:267)	chludwig_K150309_013_SW_0	chludwig_K150309_013_SW_0.wiff	SIKTES[+80]SPKFLNSPDLPER[+10]	SIKTES[Phospho (ST)]SPKFLNSPDLPER[Label:13C(6)15N(4) (R)]	52.39	51.81	51.5	52.17	1215054	745.702592	19	heavy	23.4	6	FALSE	SIKTES[+79.9663]SPKFLNSPDLPER	SIKTES(unimod:21)SPKFLNSPDLPER	0	1		1	1		1	0
3	SNPGSLINGVQSTSTSSSTEGPHDTVGTTPR	S(unimod:21)NPGSLINGVQSTSTSSSTEGPHDTVGTTPR(unimod:267)	chludwig_K150309_013_SW_0	chludwig_K150309_013_SW_0.wiff	S[+80]NPGSLINGVQSTSTSSSTEGPHDTVGTTPR[+10]	S[Phospho (ST)]NPGSLINGVQSTSTSSSTEGPHDTVGTTPR[Label:13C(6)15N(4) (R)]	49.21	49.2	49.02	49.56	59923	1054.480119	31	heavy	32.5	17	FALSE	S[+79.9663]NPGSLINGVQSTSTSSSTEGPHDTVGTTPR	S(unimod:21)NPGSLINGVQSTSTSSSTEGPHDTVGTTPR	0	1		0			1	0
3	SSGTNNKDVSQITSSPK	SS(unimod:21)GTNNKDVSQITSSPK(unimod:259)	chludwig_K150309_013_SW_0	chludwig_K150309_013_SW_0.wiff	SS[+80]GTNNKDVSQITSSPK[+8]	SS[Phospho (ST)]GTNNKDVSQITSSPK[Label:13C(6)15N(2) (K)]	21.12	22.97	22.42	23.27	3109596	613.285476	17	heavy	19.5	6	FALSE	SS[+79.9663]GTNNKDVSQITSSPK	SS(unimod:21)GTNNKDVSQITSSPK	0	1		1	1		1	0
3	SSSFAHLQAPSPIPDPLQVSKPETR	SS(unimod:21)SFAHLQAPSPIPDPLQVSKPETR(unimod:267)	chludwig_K150309_013_SW_0	chludwig_K150309_013_SW_0.wiff	SS[+80]SFAHLQAPSPIPDPLQVSKPETR[+10]	SS[Phospho (ST)]SFAHLQAPSPIPDPLQVSKPETR[Label:13C(6)15N(4) (R)]	74.46	72.65	72.1	73.31	299246	927.127853	25	heavy	28.8	9	FALSE	SS[+79.9663]SFAHLQAPSPIPDPLQVSKPETR	SS(unimod:21)SFAHLQAPSPIPDPLQVSKPETR	0	3		1	4		0	1
3	SSSFAHLQAPSPIPDPLQVSKPETR	SSS(unimod:21)FAHLQAPSPIPDPLQVSKPETR(unimod:267)	chludwig_K150309_013_SW_0	chludwig_K150309_013_SW_0.wiff	SSS[+80]FAHLQAPSPIPDPLQVSKPETR[+10]	SSS[Phospho (ST)]FAHLQAPSPIPDPLQVSKPETR[Label:13C(6)15N(4) (R)]	73.03	72.65	72.28	73.31	391459	927.127853	25	heavy	28.8	6	FALSE	SSS[+79.9663]FAHLQAPSPIPDPLQVSKPETR	SSS(unimod:21)FAHLQAPSPIPDPLQVSKPETR	0	3		1	4		0	1
3	SSSFAHLQAPSPIPDPLQVSKPETR	SSSFAHLQAPS(unimod:21)PIPDPLQVSKPETR(unimod:267)	chludwig_K150309_013_SW_0	chludwig_K150309_013_SW_0.wiff	SSSFAHLQAPS[+80]PIPDPLQVSKPETR[+10]	SSSFAHLQAPS[Phospho (ST)]PIPDPLQVSKPETR[Label:13C(6)15N(4) (R)]	72.7	72.65	72.22	73.31	439738	927.127853	25	heavy	28.8	18	FALSE	SSSFAHLQAPS[+79.9663]PIPDPLQVSKPETR	SSSFAHLQAPS(unimod:21)PIPDPLQVSKPETR	0	3		1	4		0	1
3	SSTKINNNITPPPSSSLNPGAAGK	SST(unimod:21)KINNNITPPPSSSLNPGAAGK(unimod:259)	chludwig_K150309_013_SW_0	chludwig_K150309_013_SW_0.wiff	SST[+80]KINNNITPPPSSSLNPGAAGK[+8]	SST[Phospho (ST)]KINNNITPPPSSSLNPGAAGK[Label:13C(6)15N(2) (K)]	43.76	42.66	42.11	43.38	3035945	814.070153	24	heavy	25.4	6	FALSE	SST[+79.9663]KINNNITPPPSSSLNPGAAGK	SST(unimod:21)KINNNITPPPSSSLNPGAAGK	0	1		1	2		1	0
3	SVAVDSSESNLKK	SVAVDSSES(unimod:21)NLK(unimod:259)K	chludwig_K150309_013_SW_0	chludwig_K150309_013_SW_0.wiff	SVAVDSSES[+80]NLK[+8]K	SVAVDSSES[Phospho (ST)]NLK[Label:13C(6)15N(2) (K)]K	23	20.79	20.36	21.09	829068	484.567144	13	heavy	15.7	6	FALSE	SVAVDSSES[+79.9663]NLKK	SVAVDSSES(unimod:21)NLKK	0	1		1	1		1	0
3	SVEDFMAAMQR	S(unimod:21)VEDFMAAMQR(unimod:267)	chludwig_K150309_013_SW_0	chludwig_K150309_013_SW_0.wiff	S[+80]VEDFMAAMQR[+10]	S[Phospho (ST)]VEDFMAAMQR[Label:13C(6)15N(4) (R)]	79.65	73.73	73.43	74.16	554577	458.853424	11	heavy	15	6	FALSE	S[+79.9663]VEDFMAAMQR	S(unimod:21)VEDFMAAMQR	0	1		1	2		1	0
3	SVQKQDEDPLSPR	SVQKQDEDPLS(unimod:21)PR(unimod:267)	chludwig_K150309_013_SW_0	chludwig_K150309_013_SW_0.wiff	SVQKQDEDPLS[+80]PR[+10]	SVQKQDEDPLS[Phospho (ST)]PR[Label:13C(6)15N(4) (R)]	27.35	26	25.69	26.42	1582900	530.246255	13	heavy	17.1	6	FALSE	SVQKQDEDPLS[+79.9663]PR	SVQKQDEDPLS(unimod:21)PR	0	1		1	2		1	0
3	SVSIDSTKYSR	SVSIDS(unimod:21)TKYSR(unimod:267)	chludwig_K150309_013_SW_0	chludwig_K150309_013_SW_0.wiff	SVSIDS[+80]TKYSR[+10]	SVSIDS[Phospho (ST)]TKYSR[Label:13C(6)15N(4) (R)]	25.4	24.24	23.82	24.6	1091719	444.87387	11	heavy	14.5	6	FALSE	SVSIDS[+79.9663]TKYSR	SVSIDS(unimod:21)TKYSR	0	1		1	2		1	0
3	SVSTEDNIHLLR	SVST(unimod:21)EDNIHLLR(unimod:267)	chludwig_K150309_013_SW_0	chludwig_K150309_013_SW_0.wiff	SVST[+80]EDNIHLLR[+10]	SVST[Phospho (ST)]EDNIHLLR[Label:13C(6)15N(4) (R)]	48.43	45.75	45.44	46.29	5364663	491.90394	12	heavy	15.9	6	FALSE	SVST[+79.9663]EDNIHLLR	SVST(unimod:21)EDNIHLLR	0	1		1	2		1	0
3	TAQQPQQFAPSPSNK	TAQQPQQFAPS(unimod:21)PSNK(unimod:259)	chludwig_K150309_013_SW_0	chludwig_K150309_013_SW_0.wiff	TAQQPQQFAPS[+80]PSNK[+8]	TAQQPQQFAPS[Phospho (ST)]PSNK[Label:13C(6)15N(2) (K)]	29.65	28.18	27.82	28.66	1077785	572.932597	15	heavy	18.3	6	FALSE	TAQQPQQFAPS[+79.9663]PSNK	TAQQPQQFAPS(unimod:21)PSNK	0	1		1	1		1	0
3	TASGNIIPSSTGAAK	TASGNIIPSST(unimod:21)GAAK(unimod:259)	chludwig_K150309_013_SW_0	chludwig_K150309_013_SW_0.wiff	TASGNIIPSST[+80]GAAK[+8]	TASGNIIPSST[Phospho (ST)]GAAK[Label:13C(6)15N(2) (K)]	30.36	33.27	32.97	33.75	317241	488.239139	15	heavy	15.8	6	FALSE	TASGNIIPSST[+79.9663]GAAK	TASGNIIPSST(unimod:21)GAAK	0	1		0			1	0
3	TAYSGSPSKPGNNNSYLNR	TAYSGS(unimod:21)PSKPGNNNSYLNR(unimod:267)	chludwig_K150309_013_SW_0	chludwig_K150309_013_SW_0.wiff	TAYSGS[+80]PSKPGNNNSYLNR[+10]	TAYSGS[Phospho (ST)]PSKPGNNNSYLNR[Label:13C(6)15N(4) (R)]	28.84	28.48	28.3	28.97	1189532	706.31562	19	heavy	22.3	6	FALSE	TAYSGS[+79.9663]PSKPGNNNSYLNR	TAYSGS(unimod:21)PSKPGNNNSYLNR	0	1		1	1		1	0
3	TERPQSSTTPIDSK	TER(unimod:267)PQSSTT(unimod:21)PIDSK(unimod:259)	chludwig_K150309_013_SW_0	chludwig_K150309_013_SW_0.wiff	TER[+10]PQSSTT[+80]PIDSK[+8]	TER[Label:13C(6)15N(4) (R)]PQSSTT[Phospho (ST)]PIDSK[Label:13C(6)15N(2) (K)]	-1.79	12.99	12.75	13.48	1092123	548.924697	14	heavy	17.5	11	FALSE	TERPQSSTT[+79.9663]PIDSK	TERPQSSTT(unimod:21)PIDSK	0	1		1	1	Outside rt window	1	0
3	TGTFINSQGTGYKQVTNEPK	TGTFINSQGT(unimod:21)GYKQVTNEPK(unimod:259)	chludwig_K150309_013_SW_0	chludwig_K150309_013_SW_0.wiff	TGTFINSQGT[+80]GYKQVTNEPK[+8]	TGTFINSQGT[Phospho (ST)]GYKQVTNEPK[Label:13C(6)15N(2) (K)]	42.66	41.72	41.42	42.09	674331	753.357523	20	heavy	23.7	6	FALSE	TGTFINSQGT[+79.9663]GYKQVTNEPK	TGTFINSQGT(unimod:21)GYKQVTNEPK	0	1		1	1		1	0
3	TILDQGHLSPFLDSLR	TILDQGHLS(unimod:21)PFLDSLR(unimod:267)	chludwig_K150309_013_SW_0	chludwig_K150309_013_SW_0.wiff	TILDQGHLS[+80]PFLDSLR[+10]	TILDQGHLS[Phospho (ST)]PFLDSLR[Label:13C(6)15N(4) (R)]	97	91.42	90.45	93	2431490	634.651392	16	heavy	20.1	11	FALSE	TILDQGHLS[+79.9663]PFLDSLR	TILDQGHLS(unimod:21)PFLDSLR	0	1		1	1		1	0
3	TNIGCQSYMAPER	T(unimod:21)NIGC(unimod:4)QSYMAPER(unimod:267)	chludwig_K150309_013_SW_0	chludwig_K150309_013_SW_0.wiff	T[+80]NIGC[+57]QSYMAPER[+10]	T[Phospho (ST)]NIGC[Carbamidomethyl (C)]QSYMAPER[Label:13C(6)15N(4) (R)]	38.05	37.08	36.66	37.33	164097	539.553925	13	heavy	17.3	6	FALSE	T[+79.9663]NIGC[+57.0215]QSYMAPER	T(unimod:21)NIGC(unimod:4)QSYMAPER	0	1		0			1	0
3	TPYQGAVDPHGEYYR	T(unimod:21)PYQGAVDPHGEYYR(unimod:267)	chludwig_K150309_013_SW_0	chludwig_K150309_013_SW_0.wiff	T[+80]PYQGAVDPHGEYYR[+10]	T[Phospho (ST)]PYQGAVDPHGEYYR[Label:13C(6)15N(4) (R)]	37.4	36.12	35.75	36.48	3032293	614.928926	15	heavy	19.6	6	FALSE	T[+79.9663]PYQGAVDPHGEYYR	T(unimod:21)PYQGAVDPHGEYYR	0	1		1	1		1	0
3	TSSSAEGVVVASESPVIAPHGSSHSR	TSSSAEGVVVASES(unimod:21)PVIAPHGSSHSR(unimod:267)	chludwig_K150309_013_SW_0	chludwig_K150309_013_SW_0.wiff	TSSSAEGVVVASES[+80]PVIAPHGSSHSR[+10]	TSSSAEGVVVASES[Phospho (ST)]PVIAPHGSSHSR[Label:13C(6)15N(4) (R)]	42.47	41.81	41.45	42.11	135136	875.744179	26	heavy	27.2	6	FALSE	TSSSAEGVVVASES[+79.9663]PVIAPHGSSHSR	TSSSAEGVVVASES(unimod:21)PVIAPHGSSHSR	0	1		1	1		1	0
3	TVSPTTQISAGK	TVS(unimod:21)PTTQISAGK(unimod:259)	chludwig_K150309_013_SW_0	chludwig_K150309_013_SW_0.wiff	TVS[+80]PTTQISAGK[+8]	TVS[Phospho (ST)]PTTQISAGK[Label:13C(6)15N(2) (K)]	27.35	27.4	27.4	28.12	451999	426.545792	12	heavy	14	6	FALSE	TVS[+79.9663]PTTQISAGK	TVS(unimod:21)PTTQISAGK	0	1		1	1		1	0
3	TYSLRNQRAPTAAELQAPPPPPSSTK	TYS(unimod:21)LRNQRAPTAAELQAPPPPPSSTK(unimod:259)	chludwig_K150309_013_SW_0	chludwig_K150309_013_SW_0.wiff	TYS[+80]LRNQRAPTAAELQAPPPPPSSTK[+8]	TYS[Phospho (ST)]LRNQRAPTAAELQAPPPPPSSTK[Label:13C(6)15N(2) (K)]	49.47	47.14	46.72	47.69	104289	956.149466	26	heavy	29.6	6	FALSE	TYS[+79.9663]LRNQRAPTAAELQAPPPPPSSTK	TYS(unimod:21)LRNQRAPTAAELQAPPPPPSSTK	0	1		1	1		1	0
3	VARPLSVPGSPR	VARPLSVPGS(unimod:21)PR(unimod:267)	chludwig_K150309_013_SW_0	chludwig_K150309_013_SW_0.wiff	VARPLSVPGS[+80]PR[+10]	VARPLSVPGS[Phospho (ST)]PR[Label:13C(6)15N(4) (R)]	31.95	32.79	32.3	33.27	15497250	442.570344	12	heavy	14.5	17	FALSE	VARPLSVPGS[+79.9663]PR	VARPLSVPGS(unimod:21)PR	0	1		1	2		1	0
3	VATPLSGGVPPAPLPK	VAT(unimod:21)PLSGGVPPAPLPK(unimod:259)	chludwig_K150309_013_SW_0	chludwig_K150309_013_SW_0.wiff	VAT[+80]PLSGGVPPAPLPK[+8]	VAT[Phospho (ST)]PLSGGVPPAPLPK[Label:13C(6)15N(2) (K)]	61.48	62.53	61.8	64.04	4316802	530.291174	16	heavy	17.1	6	FALSE	VAT[+79.9663]PLSGGVPPAPLPK	VAT(unimod:21)PLSGGVPPAPLPK	0	1		1	2		1	0
3	VHSYTDLAYR	VHS(unimod:21)YTDLAYR(unimod:267)	chludwig_K150309_013_SW_0	chludwig_K150309_013_SW_0.wiff	VHS[+80]YTDLAYR[+10]	VHS[Phospho (ST)]YTDLAYR[Label:13C(6)15N(4) (R)]	36.95	34.85	34.55	35.09	398135	438.863305	10	heavy	14.4	6	FALSE	VHS[+79.9663]YTDLAYR	VHS(unimod:21)YTDLAYR	0	1		1	1		1	0
3	VNDMFDEGRPESIFNQR	VNDMFDEGRPES(unimod:21)IFNQR(unimod:267)	chludwig_K150309_013_SW_0	chludwig_K150309_013_SW_0.wiff	VNDMFDEGRPES[+80]IFNQR[+10]	VNDMFDEGRPES[Phospho (ST)]IFNQR[Label:13C(6)15N(4) (R)]	69.36	66.98	66.48	67.59	415025	715.309589	17	heavy	22.5	6	FALSE	VNDMFDEGRPES[+79.9663]IFNQR	VNDMFDEGRPES(unimod:21)IFNQR	0	1		1	2		1	0
3	VNDSYDSPLSGTASTGKTR	VNDSYDS(unimod:21)PLSGTASTGKTR(unimod:267)	chludwig_K150309_013_SW_0	chludwig_K150309_013_SW_0.wiff	VNDSYDS[+80]PLSGTASTGKTR[+10]	VNDSYDS[Phospho (ST)]PLSGTASTGKTR[Label:13C(6)15N(4) (R)]	28.77	31.03	30.72	31.33	104393	682.63988	19	heavy	21.6	10	FALSE	VNDSYDS[+79.9663]PLSGTASTGKTR	VNDSYDS(unimod:21)PLSGTASTGKTR	0	1		1	1		1	0
3	VPTDPSSSQEYAK	VPTDPSSS(unimod:21)QEYAK(unimod:259)	chludwig_K150309_013_SW_0	chludwig_K150309_013_SW_0.wiff	VPTDPSSS[+80]QEYAK[+8]	VPTDPSSS[Phospho (ST)]QEYAK[Label:13C(6)15N(2) (K)]	21.73	23.09	22.79	23.39	190788	499.551382	13	heavy	16.2	9	FALSE	VPTDPSSS[+79.9663]QEYAK	VPTDPSSS(unimod:21)QEYAK	0	1		1	1		0	1
3	VSDDSESESGDKEATAPLIQRK	VSDDS(unimod:21)ESESGDKEATAPLIQR(unimod:267)K	chludwig_K150309_013_SW_0	chludwig_K150309_013_SW_0.wiff	VSDDS[+80]ESESGDKEATAPLIQR[+10]K	VSDDS[Phospho (ST)]ESESGDKEATAPLIQR[Label:13C(6)15N(4) (R)]K	33.06	30.48	30.24	30.84	117654	818.042002	22	heavy	25.5	9	FALSE	VSDDS[+79.9663]ESESGDKEATAPLIQRK	VSDDS(unimod:21)ESESGDKEATAPLIQRK	0	1		1	1		1	0
3	VSTPPPEAAGLEEFSPHSTPVTPR	VS(unimod:21)T(unimod:21)PPPEAAGLEEFSPHSTPVTPR(unimod:267)	chludwig_K150309_013_SW_0	chludwig_K150309_013_SW_0.wiff	VS[+80]T[+80]PPPEAAGLEEFSPHSTPVTPR[+10]	VS[Phospho (ST)]T[Phospho (ST)]PPPEAAGLEEFSPHSTPVTPR[Label:13C(6)15N(4) (R)]	69.98	64.65	64.34	65.01	99359	891.733942	24	heavy	27.7	20	FALSE	VS[+79.9663]T[+79.9663]PPPEAAGLEEFSPHSTPVTPR	VS(unimod:21)T(unimod:21)PPPEAAGLEEFSPHSTPVTPR	0	1		1	5		1	0
3	VVSELIAPANLSPQR	VVSELIAPANLS(unimod:21)PQR(unimod:267)	chludwig_K150309_013_SW_0	chludwig_K150309_013_SW_0.wiff	VVSELIAPANLS[+80]PQR[+10]	VVSELIAPANLS[Phospho (ST)]PQR[Label:13C(6)15N(4) (R)]	62.39	61.44	61.07	61.74	1834659	561.961678	15	heavy	18	30	FALSE	VVSELIAPANLS[+79.9663]PQR	VVSELIAPANLS(unimod:21)PQR	0	1		1	1		1	0
3	YGGHSMSDPGTTYR	YGGHS(unimod:21)MSDPGTTYR(unimod:267)	chludwig_K150309_013_SW_0	chludwig_K150309_013_SW_0.wiff	YGGHS[+80]MSDPGTTYR[+10]	YGGHS[Phospho (ST)]MSDPGTTYR[Label:13C(6)15N(4) (R)]	25.53	26.18	25.88	26.6	934190	540.212556	14	heavy	17.4	18	FALSE	YGGHS[+79.9663]MSDPGTTYR	YGGHS(unimod:21)MSDPGTTYR	0	1		1	1		1	0
